diagnostics_Image-original_Mean,diagnostics_Mask-original_VoxelNum,original_firstorder_10Percentile,original_firstorder_90Percentile,original_firstorder_Energy,original_firstorder_InterquartileRange,original_firstorder_Kurtosis,original_firstorder_MeanAbsoluteDeviation,original_firstorder_Mean,original_firstorder_Median,original_firstorder_RobustMeanAbsoluteDeviation,original_firstorder_RootMeanSquared,original_firstorder_Skewness,original_firstorder_TotalEnergy,original_firstorder_Variance,original_gldm_DependenceEntropy,original_gldm_DependenceNonUniformity,original_gldm_DependenceNonUniformityNormalized,original_gldm_DependenceVariance,original_gldm_GrayLevelNonUniformity,original_gldm_LargeDependenceEmphasis,original_gldm_LargeDependenceHighGrayLevelEmphasis,original_gldm_LargeDependenceLowGrayLevelEmphasis,original_gldm_SmallDependenceEmphasis,original_gldm_SmallDependenceHighGrayLevelEmphasis,original_gldm_SmallDependenceLowGrayLevelEmphasis,original_glrlm_GrayLevelNonUniformity,original_glrlm_LongRunEmphasis,original_glrlm_LongRunHighGrayLevelEmphasis,original_glrlm_LongRunLowGrayLevelEmphasis,original_glrlm_RunEntropy,original_glrlm_RunLengthNonUniformity,original_glrlm_RunLengthNonUniformityNormalized,original_glrlm_RunPercentage,original_glrlm_RunVariance,original_glrlm_ShortRunEmphasis,original_glrlm_ShortRunHighGrayLevelEmphasis,original_glrlm_ShortRunLowGrayLevelEmphasis,original_glszm_LargeAreaEmphasis,original_glszm_LargeAreaHighGrayLevelEmphasis,original_glszm_LargeAreaLowGrayLevelEmphasis,Type
0.30504574574692,6492768,0.0304347826086956,0.6130434782608696,936700.1957466924,0.4304347826086956,1.9080351521895915,0.197070841802508,0.30504574574692,0.3043478260869565,0.1637012557630766,0.3798265886995052,0.2615843414742654,936700.1957466924,0.0512153304848082,0.0169965560953461,6472272.438755243,0.9968433245659236,0.0142148761242544,6492768.0,80.92885006826056,80.92885006826056,80.92885006826056,0.0123700960176379,0.0123700960176379,0.0123700960176379,3850.0,4397104.053964543,4397104.053964543,4397104.053964543,5.160127770565911,1322.1858562244302,0.5075366951537951,0.0005929674370006,254004.10370867827,0.0003204673627662,0.0003204673627662,0.0003204673627662,42156036301824.0,42156036301824.0,42156036301824.0,0
0.4992746900389968,6785261,0.1217391304347826,0.8956521739130435,2359308.735217392,0.6521739130434783,1.426534202399107,0.2875030558724205,0.4992746900389968,0.4695652173913043,0.2544476914860873,0.5896701028271008,0.0187628436544178,2359308.735217392,0.0984356140545868,0.0167128540400913,6764253.608424643,0.9969039670581048,0.0139415612554434,6785261.0,80.93021933865182,80.93021933865182,80.93021933865182,0.0123696257062018,0.0123696257062018,0.0123696257062018,3946.0,4621399.030792625,4621399.030792625,4621399.030792625,5.079610531305463,1368.543242729519,0.5100823498820602,0.0005815546373234,260168.8854640817,0.0003126720174604,0.0003126720174604,0.0003126720174604,46039766838121.0,46039766838121.0,46039766838121.0,0
0.3645115138871444,5849088,0.1217391304347826,0.6,996510.7104347816,0.217391304347826,3.60370113677307,0.1457021267969084,0.3645115138871444,0.3608695652173913,0.0926175331520092,0.4127593384454295,0.5401800097063644,996510.7104347816,0.0375016277176108,0.0177539068480973,5829672.318643864,0.9966805626182856,0.0149483862215533,5849088.0,80.92517465970764,80.92517465970764,80.92517465970764,0.01237135833488,0.01237135833488,0.01237135833488,3647.5,3945578.692987868,3945578.692987868,3945578.692987868,5.201705207499229,1243.9528069093153,0.5057480581758822,0.0006236014913778,232166.53071455847,0.0003382590160646,0.0003382590160646,0.0003382590160646,34211830431744.0,34211830431744.0,34211830431744.0,0
0.3538937571453249,4171776,0.1391304347826087,0.6,646639.8312098299,0.2304347826086956,2.829589144875977,0.1355149387584216,0.3538937571453249,0.3478260869565217,0.0939316660014146,0.393704823456886,0.2205150545876595,646639.8312098299,0.0297626966667835,0.0211102454388263,4154858.425955756,0.9959447549330924,0.0182639030838168,4171776.0,80.90855213702748,80.90855213702748,80.90855213702748,0.0123770664497403,0.0123770664497403,0.0123770664497403,3179.5,3025225.139891484,3025225.139891484,3025225.139891484,4.2974946533971,1213.216914366596,0.5361445893764085,0.0007621454267918,132445.8517426644,0.0003880896877725,0.0003880896877725,0.0003880896877725,17403714994176.0,17403714994176.0,17403714994176.0,0
0.4206959806211352,3268608,0.0695652173913043,0.6826086956521739,728495.9317769374,0.2913043478260869,2.3392143349904737,0.1745862934221355,0.4206959806211352,0.4608695652173913,0.1265022611003972,0.4720979838798638,-0.3297811722077836,728495.9317769374,0.0458913982726538,0.0242517905970256,3253037.2459566887,0.9952362736543168,0.0214562874056105,3268608.0,80.8925352933114,80.8925352933114,80.8925352933114,0.0123825665766098,0.0123825665766098,0.0123825665766098,2927.5,2608395.4865488084,2608395.4865488084,2608395.4865488084,3.667893334871212,1254.5791698693313,0.571375652029037,0.0008956412026159,81725.51314810754,0.0004215742718183,0.0004215742718183,0.0004215742718183,10683798257664.0,10683798257664.0,10683798257664.0,0
0.4062416112624872,5065280,0.1826086956521739,0.691304347826087,1026947.3574480144,0.2434782608695652,2.8243545903213216,0.153314528705088,0.4062416112624872,0.3782608695652174,0.104824508608113,0.4502693259099434,0.1376257960108099,1026947.3574480144,0.037710219134253,0.0192941472591237,5046769.930172469,0.9963456966194304,0.0164569698965515,5065280.0,80.91761166213911,80.91761166213911,80.91761166213911,0.0123739549040322,0.0123739549040322,0.0123739549040322,3478.0,3610447.150528359,3610447.150528359,3610447.150528359,4.48810503769336,1295.2771188268275,0.5292812419294431,0.0006866352896582,168699.39208815806,0.0003547682868085,0.0003547682868085,0.0003547682868085,25657061478400.0,25657061478400.0,25657061478400.0,1
0.3770977719902934,3600640,0.1739130434782608,0.6,614141.3501323245,0.2217391304347826,2.9484351013143097,0.1351771006402083,0.3770977719902934,0.3652173913043478,0.0946796062847716,0.4129945482739135,0.1326778668241556,614141.3501323245,0.0283617672639306,0.0221609159886664,3585193.2588961963,0.9957100012487214,0.0193227188559356,3600640.0,80.90324497867046,80.90324497867046,80.90324497867046,0.0123788907006381,0.0123788907006381,0.0123788907006381,2903.5,2508624.737793852,2508624.737793852,2508624.737793852,4.606328763345218,1045.1848359597002,0.5199392497958409,0.0008063844205474,128252.17409906576,0.0004249627305049,0.0004249627305049,0.0004249627305049,12964608409600.0,12964608409600.0,12964608409600.0,0
0.2891504537635684,4122392,0.0652173913043478,0.6130434782608696,497326.7728733455,0.2391304347826087,2.5001956770734584,0.1581841310736089,0.2891504537635684,0.2304347826086956,0.1139734590227431,0.3473331831141323,0.6118987227881644,497326.7728733455,0.0370323551805179,0.0214921701766696,4105323.4660653328,0.9958595558271346,0.0186474814780872,4122392.0,80.90662702625077,80.90662702625077,80.90662702625077,0.0123777269586668,0.0123777269586668,0.0123777269586668,3208.0,3097852.643441665,3097852.643441665,3097852.643441665,4.051675206252679,1282.2974047229366,0.549753894019859,0.0007781889737802,119222.98146192412,0.0003846616385368,0.0003846616385368,0.0003846616385368,16994115801664.0,16994115801664.0,16994115801664.0,0
0.365321213885752,2956800,0.0391304347826087,0.6782608695652174,554618.2862381854,0.4043478260869566,1.95621580798077,0.197840227881675,0.365321213885752,0.3521739130434783,0.1578045388795615,0.4330979394567976,0.1445066606728683,554618.2862381854,0.0541142358467646,0.0257534699445105,2941694.7614393937,0.9948913560062884,0.0230104702503203,2956800.0,80.884733495671,80.884733495671,80.884733495671,0.0123852456860269,0.0123852456860269,0.0123852456860269,2840.5,2479685.445471349,2479685.445471349,2479685.445471349,3.422258971313403,1280.9473197781886,0.5881825507732211,0.0009606669372294,66043.59883285894,0.0004345377987856,0.0004345377987856,0.0004345377987856,8742666240000.0,8742666240000.0,8742666240000.0,1
0.2006596932804208,7103367,0.0,0.6217391304347826,726006.8264650287,0.4,2.3159440448936457,0.2179167498545791,0.2006596932804208,0.0347826086956521,0.1698426549847069,0.3196967530610376,0.8727633462683523,726006.8264650287,0.0619417014103776,0.0163424182105156,7081935.416433503,0.9969828978896208,0.0135859514439481,7103367.0,80.93200126081054,80.93200126081054,80.93200126081054,0.0123690138861934,0.0123690138861934,0.0123690138861934,4025.5,4806741.985466741,4806741.985466741,4806741.985466741,5.203312382235521,1380.446897708217,0.5071635732640613,0.0005667030860154,278708.21967267216,0.0003064946223804,0.0003064946223804,0.0003064946223804,50457822736689.0,50457822736689.0,50457822736689.0,1
0.3514373325634185,5431810,0.1695652173913043,0.6695652173913044,862404.8917580339,0.2478260869565217,2.684597789703276,0.1530954007597055,0.3514373325634185,0.2956521739130435,0.1123174126294738,0.3984587062193421,0.7455279750355597,862404.8917580339,0.0352611418427009,0.0187482630493786,5412608.04665038,0.9964649070292186,0.0159196734331387,5431810.0,80.92030464983127,80.92030464983127,80.92030464983127,0.012373029898112,0.012373029898112,0.012373029898112,3607.75,3887052.939189189,3887052.939189189,3887052.939189189,4.47357702629404,1351.2011434511437,0.5308630235865163,0.0006641892849713,178897.32201192094,0.0003420091322265,0.0003420091322265,0.0003420091322265,29504559876100.0,29504559876100.0,29504559876100.0,0
0.3105969685933732,8158256,0.1260869565217391,0.5391304347826087,1007656.7252551978,0.2608695652173913,2.277681653233732,0.1394744294152969,0.3105969685933732,0.2869565217391304,0.1067586973480445,0.3514452187984492,0.2612852820556888,1007656.7252551978,0.0270432649168973,0.0153093255698203,8135424.027656891,0.9972013660342224,0.012601683233069,8158256.0,80.93693259932024,80.93693259932024,80.93693259932024,0.0123673207262089,0.0123673207262089,0.0123673207262089,4288.0,5449718.761238412,5449718.761238412,5449718.761238412,5.587481456082672,1435.9660661185935,0.5011310243341951,0.0005256025307369,336777.04927008966,0.0002877272605791,0.0002877272605791,0.0002877272605791,66557140961536.0,66557140961536.0,66557140961536.0,0
0.4725399094389221,3484672,0.1,0.7695652173913043,955486.1099810968,0.2956521739130435,2.489101954514436,0.1789349589619586,0.4725399094389221,0.4782608695652174,0.125311845968657,0.5236380973275274,-0.1659963362180001,955486.1099810968,0.0509028909602481,0.0232779457359518,3468844.0922990744,0.99545784862939,0.0204579924514424,3484672.0,80.89754559396121,80.89754559396121,80.89754559396121,0.0123808462522742,0.0123808462522742,0.0123808462522742,2975.5,2675277.3219057224,2675277.3219057224,2675277.3219057224,3.884515261508301,1220.6701537685908,0.5576430939673785,0.0008538823740082,95550.93332953755,0.0004147413663236,0.0004147413663236,0.0004147413663236,12142938947584.0,12142938947584.0,12142938947584.0,0
0.3433050883782468,6297064,0.0,0.7391304347826086,1198020.575538752,0.4347826086956522,2.1805710778331084,0.2253065140924607,0.3433050883782468,0.3173913043478261,0.1889435696496348,0.4361773251374296,0.4098131955926825,1198020.575538752,0.0723922752576469,0.017252576511981,6276840.566252464,0.9967884344596885,0.0144621869451633,6297064.0,80.92761070873664,80.92761070873664,80.92761070873664,0.0123705215715423,0.0123705215715423,0.0123705215715423,3799.0,4282997.000394867,4282997.000394867,4282997.000394867,5.0779623732732055,1314.4989141164856,0.5094765871898294,0.0006032970285834,242604.04413238,0.000324771267212,0.000324771267212,0.000324771267212,39653015020096.0,39653015020096.0,39653015020096.0,0
0.3294462323849596,5332992,0.0,0.6521739130434783,927879.7148204164,0.508695652173913,1.6272470065761353,0.229893803610108,0.3294462323849596,0.3869565217391304,0.2131955024841528,0.4171193855457489,-0.0083589833781576,927879.7148204164,0.0654537617654184,0.0185717019619596,5314344.701438892,0.9965034077378876,0.0157466383646499,5332992.0,80.92117370511713,80.92117370511713,80.92117370511713,0.0123727322483824,0.0123727322483824,0.0123727322483824,3503.5,3644337.003639477,3644337.003639477,3644337.003639477,4.956206911106328,1222.0523442517665,0.5115718998612216,0.0006569482946908,202170.35407171468,0.0003521682173849,0.0003521682173849,0.0003521682173849,28440803672064.0,28440803672064.0,28440803672064.0,1
0.2935242715154632,5677892,0.0,0.7086956521739131,874724.8234026453,0.4391304347826087,2.179526039174982,0.2217094719113933,0.2935242715154632,0.2347826086956521,0.1818398836191268,0.3925022601795865,0.5883493879871545,874724.8234026453,0.0679015262774005,0.0183095618210537,5658361.691522135,0.9965602888399664,0.0154899465237084,5677892.0,80.92245889847852,80.92245889847852,80.92245889847852,0.0123722902404233,0.0123722902404233,0.0123722902404233,3669.25,4013648.2136140633,4013648.2136140633,4013648.2136140633,4.593850276706741,1349.9531888798035,0.5259000794930098,0.0006462345532461,193679.60294946475,0.0003362710300333,0.0003362710300333,0.0003362710300333,32238457563664.0,32238457563664.0,32238457563664.0,1
0.3322369911092618,4725504,0.0913043478260869,0.6,689510.0932136108,0.2913043478260869,2.1896204504179138,0.1587623127190027,0.3322369911092618,0.308695652173913,0.1211063352550273,0.3819849448027998,0.2902531277775015,689510.0932136108,0.035531079794662,0.0197516070657266,4707761.419084187,0.996245356915196,0.0169094039802005,4725504.0,80.91534447965762,80.91534447965762,80.91534447965762,0.0123747339835648,0.0123747339835648,0.0123747339835648,3334.0,3309726.844094488,3309726.844094488,3309726.844094488,4.630849388428974,1209.7889763779526,0.5221122556530827,0.0007055332087328,165653.17947299898,0.0003700852773198,0.0003700852773198,0.0003700852773198,22330388054016.0,22330388054016.0,22330388054016.0,1
0.2773013638436619,8531843,0.0826086956521739,0.7260869565217392,1111916.7366540646,0.2521739130434782,3.521563857395201,0.1795124834207405,0.2773013638436619,0.2043478260869565,0.121996977464863,0.3610062377885453,1.2539388263594262,1111916.7366540646,0.0534294573326846,0.0150069596599377,8508506.990540847,0.9972648336989848,0.012315736182803,8531843.0,80.93836501679648,80.93836501679648,80.93836501679648,0.0123668289011638,0.0123668289011638,0.0123668289011638,4382.5,5692355.342803354,5692355.342803354,5692355.342803354,5.67035354806334,1464.1361458155056,0.5005367355494619,0.0005136639293526,354127.2126999405,0.0002815223384891,0.0002815223384891,0.0002815223384891,72792344976649.0,72792344976649.0,72792344976649.0,1
0.18402009677518,8999999,0.0,0.6652173913043479,930243.8248015142,0.3391304347826087,3.077736116351383,0.2201524336871882,0.18402009677518,0.0,0.1536053720546354,0.3214971795559627,1.213236675691318,930243.8248015142,0.0694970404452922,0.0146581713984675,8976038.968014218,0.9973377739279992,0.0119871159965935,8999999.0,80.94001110444567,80.94001110444567,80.94001110444567,0.0123662637197083,0.0123662637197083,0.0123662637197083,4499.5,6000250.1250208365,6000250.1250208365,6000250.1250208365,5.775106893082239,1501.0002500416736,0.5001667361296339,0.0004999444999938,374874.78133333975,0.0002742013688005,0.0002742013688005,0.0002742013688005,80999982000001.0,80999982000001.0,80999982000001.0,1
0.2624396395556569,5029676,0.0,0.5826086956521739,616080.3321361062,0.4521739130434782,2.178561777155238,0.1988431017691707,0.2624396395556569,0.2391304347826087,0.1705617836227075,0.3499843843703509,0.4306316557647996,616080.3321361062,0.0536145048929902,0.0195526879053757,5011010.747811191,0.996288975236415,0.0167123048706013,5029676.0,80.91633059465461,80.91633059465461,80.91633059465461,0.0123743943833448,0.0123743943833448,0.0123743943833448,3507.25,3687325.97326775,3687325.97326775,3687325.97326775,4.266571195192365,1357.977117194183,0.5403608035060272,0.0006973113178662,155084.84623079386,0.0003518219049195,0.0003518219049195,0.0003518219049195,25297640664976.0,25297640664976.0,25297640664976.0,0
0.3373962270719544,4915624,0.0478260869565217,0.6956521739130435,797275.1155009451,0.2304347826086956,2.8354187760025726,0.1717947595563697,0.3373962270719544,0.3,0.1163932376270013,0.4027307367463434,0.5841692438222053,797275.1155009451,0.0483558322778628,0.0196082638137795,4897322.1830734005,0.9962768069879632,0.0167673563966244,4915624.0,80.91605541839652,80.91605541839652,80.91605541839652,0.0123744892651986,0.0123744892651986,0.0123744892651986,3439.0,3534496.184732825,3534496.184732825,3534496.184732825,4.407348843794118,1296.7801526717558,0.5327764782272095,0.0006996059910196,159749.3405232794,0.0003587961667175,0.0003587961667175,0.0003587961667175,24163359309376.0,24163359309376.0,24163359309376.0,0
0.2548644943335668,4729576,0.0,0.6391304347826087,600849.5012665406,0.4304347826086956,2.414298031115398,0.2098017409575922,0.2548644943335668,0.208695652173913,0.1705097919466958,0.3564279462780059,0.6870291699807718,600849.5012665406,0.0620849704160522,0.0202373022368142,4711311.388337559,0.996138213729425,0.0173915357293373,4729576.0,80.91292454122737,80.91292454122737,80.91292454122737,0.012375563846122,0.012375563846122,0.012375563846122,3432.25,3544319.465909091,3544319.465909091,3544319.465909091,4.103178316121883,1367.1276223776224,0.5487057741209839,0.0007256993015864,137750.8504006922,0.0003595222959151,0.0003595222959151,0.0003595222959151,22368889139776.0,22368889139776.0,22368889139776.0,0
0.2884963239028852,4601856,0.0,0.5521739130434783,583418.434404537,0.3782608695652174,1.820646398186641,0.184926535010141,0.2884963239028852,0.3173913043478261,0.1671261536845046,0.3560603065335713,0.1229581781274648,583418.434404537,0.0435488129833023,0.0200280077454058,4584297.610112094,0.9961844981920542,0.0171836306818671,4601856.0,80.91396949404762,80.91396949404762,80.91396949404762,0.0123752061487075,0.0123752061487075,0.0123752061487075,3299.5,3244435.2643782683,3244435.2643782683,3244435.2643782683,4.559575667815748,1209.271766310525,0.5248401378291714,0.0007169933174788,158185.8916473453,0.000373958600049,0.000373958600049,0.000373958600049,21177078644736.0,21177078644736.0,21177078644736.0,0
0.6067353931236111,2416504,0.3230088495575221,0.7876106194690266,966743.6585872024,0.2345132743362832,3.090225375970816,0.1450783856170961,0.6067353931236111,0.6637168141592921,0.1031860664150605,0.6325020053886241,-0.9135903030550586,966743.6585872024,0.0319309495517685,0.0258550893456046,2404103.958406028,0.994868602909835,0.0231176820447431,2416504.0,80.88421289598527,80.88421289598527,80.88421289598527,0.0123854326460308,0.0123854326460308,0.0123854326460308,2332.0,1612158.8481826957,1612158.8481826957,1612158.8481826957,5.233732651843503,779.478288838855,0.5006363103373609,0.0009650304737753,100318.62937377355,0.0005290882920733,0.0005290882920733,0.0005290882920733,5839491582016.0,5839491582016.0,5839491582016.0,1
0.3928054997262152,5849088,0.117391304347826,0.6826086956521739,1159961.4138185258,0.3217391304347826,2.235373369047078,0.1753998751334924,0.3928054997262152,0.3869565217391304,0.1317099604894539,0.4453256327110946,0.1290415433572233,1159961.4138185258,0.044018758534375,0.0177539068480973,5829672.318643864,0.9966805626182856,0.0149483862215533,5849088.0,80.92517465970764,80.92517465970764,80.92517465970764,0.01237135833488,0.01237135833488,0.01237135833488,3647.5,3945578.692987868,3945578.692987868,3945578.692987868,5.201705207499229,1243.9528069093153,0.5057480581758822,0.0006236014913778,232166.53071455847,0.0003382590160646,0.0003382590160646,0.0003382590160646,34211830431744.0,34211830431744.0,34211830431744.0,0
0.3038048674306263,4644000,0.0,0.5869565217391305,628116.9439886577,0.3043478260869565,2.51404462665822,0.1719336576186808,0.3038048674306263,0.3,0.1460814481265042,0.3677681786734115,0.3707416912954658,628116.9439886577,0.0429560357702182,0.0204459905157999,4625851.5848888885,0.9960920725428272,0.0175994193717584,4644000.0,80.91188199827735,80.91188199827735,80.91188199827735,0.0123759218053827,0.0123759218053827,0.0123759218053827,3410.5,3503619.616890257,3503619.616890257,3503619.616890257,4.056710762798293,1369.834506267869,0.5512061812772969,0.0007343884582256,132983.32697976602,0.0003618191599886,0.0003618191599886,0.0003618191599886,21566736000000.0,21566736000000.0,21566736000000.0,1
0.4073995755675811,3913728,0.0782608695652174,0.6695652173913044,824967.8914744804,0.3043478260869565,2.3071312313845707,0.1753027664895552,0.4073995755675811,0.4347826086956521,0.1294381179956395,0.4591168194799322,-0.232454940492984,824967.8914744804,0.0448138397567237,0.0218675186740226,3897195.051764456,0.9957756522079348,0.0190258723349262,3913728.0,80.90473022141549,80.90473022141549,80.90473022141549,0.0123783788818976,0.0123783788818976,0.0123783788818976,3107.5,2899862.462949553,2899862.462949553,2899862.462949553,4.129109718785666,1220.1792179580016,0.5444555196615982,0.0007939999918236,117350.83576757985,0.0003970962476619,0.0003970962476619,0.0003970962476619,15317266857984.0,15317266857984.0,15317266857984.0,1
0.4450391295713986,4713504,0.2260869565217391,0.6565217391304348,1058121.981039697,0.2130434782608695,2.7080230307687083,0.1299318551068434,0.4450391295713986,0.4434782608695652,0.0910173105373746,0.4738009511102841,0.239025635542453,1058121.981039697,0.026427514423342,0.0197335196350582,4695825.263291174,0.9962493430134298,0.0168915009688552,4713504.0,80.91543446234479,80.91543446234479,80.91543446234479,0.0123747031853506,0.0123747031853506,0.0123747031853506,3322.0,3283714.5335290134,3283714.5335290134,3283714.5335290134,4.685150611909734,1195.5267554752766,0.5198750859054587,0.0007047835325906,167941.7394468131,0.0003714198292459,0.0003714198292459,0.0003714198292459,22217119958016.0,22217119958016.0,22217119958016.0,0
0.3828381984027121,6245260,0.0565217391304347,0.717391304347826,1289291.1808695644,0.4,2.051669400573868,0.2069191531775011,0.3828381984027121,0.3869565217391304,0.1623962574473279,0.4543601604764739,0.1242565680303694,1289291.1808695644,0.0598780692719728,0.0173229124132959,6225108.6033222,0.9967733294245876,0.0145302436285257,6245260.0,80.92726964129596,80.92726964129596,80.92726964129596,0.0123706386825002,0.0123706386825002,0.0123706386825002,3785.5,4253108.531206657,4253108.531206657,4253108.531206657,5.0556996924428,1312.6595006934813,0.5100375471950627,0.0006061396963457,239558.0940806896,0.0003259299973034,0.0003259299973034,0.0003259299973034,39003272467600.0,39003272467600.0,39003272467600.0,0
0.3283928458847253,3784704,0.1217391304347826,0.5608695652173913,517901.7799810965,0.2391304347826086,2.8173558030153183,0.1378384806908411,0.3283928458847253,0.308695652173913,0.0988220237541395,0.3699199402286731,0.422517771556519,517901.7799810965,0.0289989009505159,0.0222827615276697,3768363.411280776,0.9956824658627932,0.0194457657793687,3784704.0,80.90262382474296,80.90262382474296,80.90262382474296,0.0123791022109842,0.0123791022109842,0.0123791022109842,3071.5,2839000.505982906,2839000.505982906,2839000.505982906,4.041602482672176,1225.048717948718,0.549096146019223,0.0008115562009604,109951.98821827752,0.0004017594045591,0.0004017594045591,0.0004017594045591,14323984367616.0,14323984367616.0,14323984367616.0,0
0.1979551613916676,6905301,0.0,0.6,658919.171644612,0.3521739130434783,3.080833423885044,0.1935474728714642,0.1979551613916676,0.1130434782608695,0.1389055460906416,0.3089048768835134,1.1216443138812553,658919.171644612,0.0562359770408175,0.0165692329392492,6884133.530838555,0.9969346058685284,0.0138035231619411,6905301.0,80.93091104935179,80.93091104935179,80.93091104935179,0.0123693882084839,0.0123693882084839,0.0123693882084839,3976.0,4690802.207319373,4690802.207319373,4690802.207319373,5.12709753898572,1372.7176004527448,0.5089073005947453,0.0005757895274948,267214.6596455358,0.0003103118340473,0.0003103118340473,0.0003103118340473,47683181900601.0,47683181900601.0,47683181900601.0,0
0.3664242658641256,6492768,0.0,0.7434782608695653,1291577.7468430998,0.3391304347826087,2.3191659384927563,0.2055850600805429,0.3664242658641256,0.3608695652173913,0.1755804020160404,0.4460107581931937,0.2636735735695611,1291577.7468430998,0.0646588538100041,0.0169965560953461,6472272.438755243,0.9968433245659236,0.0142148761242544,6492768.0,80.92885006826056,80.92885006826056,80.92885006826056,0.0123700960176379,0.0123700960176379,0.0123700960176379,3850.0,4397104.053964543,4397104.053964543,4397104.053964543,5.160127770565911,1322.1858562244302,0.5075366951537951,0.0005929674370006,254004.10370867827,0.0003204673627662,0.0003204673627662,0.0003204673627662,42156036301824.0,42156036301824.0,42156036301824.0,0
0.3415235541402716,3988480,0.0217391304347826,0.6,628903.9738185253,0.2652173913043478,2.4080733023064025,0.1635507351000319,0.3415235541402716,0.3478260869565217,0.1215796501716905,0.3970895518364883,-0.0304171192506848,628903.9738185253,0.0410417741451,0.021192323398747,3972233.209170411,0.9959265708165544,0.0183464345614068,3988480.0,80.9081404444801,80.9081404444801,80.9081404444801,0.0123772088615211,0.0123772088615211,0.0123772088615211,3053.5,2773850.5320560057,2773850.5320560057,2773850.5320560057,4.654939758329745,1096.0404077622206,0.5191698373279834,0.0007655798700256,142859.29535442535,0.0004040830311928,0.0004040830311928,0.0004040830311928,15907972710400.0,15907972710400.0,15907972710400.0,0
0.2233702963133311,5935104,0.0,0.4608695652173913,502775.9922495267,0.3869565217391304,1.8916645735529465,0.1645340842156949,0.2233702963133311,0.2347826086956521,0.1495934316428485,0.291053682960614,0.1823359909485288,502775.9922495267,0.0348179570898325,0.0176308524855855,5915560.270978908,0.99670709577775,0.014828828960377,5935104.0,80.92577383648205,80.92577383648205,80.92577383648205,0.0123711525797178,0.0123711525797178,0.0123711525797178,3671.5,3997216.970786517,3997216.970786517,3997216.970786517,5.239919547393683,1248.5341164453523,0.5050120769040557,0.0006186075256642,237007.5287360202,0.0003360471455631,0.0003360471455631,0.0003360471455631,35225459490816.0,35225459490816.0,35225459490816.0,0
0.3528446948292364,4424448,0.1043478260869565,0.6782608695652174,758275.9963137995,0.3652173913043478,2.0472598847538324,0.1844465583438688,0.3528446948292364,0.2956521739130435,0.144012282561511,0.4139845243518997,0.4192081983768567,758275.9963137995,0.0468838077337315,0.0204502015528476,4407153.9162110165,0.9960912448764268,0.0176038259640151,4424448.0,80.91186245154198,80.91186245154198,80.91186245154198,0.0123759296995709,0.0123759296995709,0.0123759296995709,3250.0,3152500.746365105,3152500.746365105,3152500.746365105,4.454184313191828,1209.7899838449111,0.5291460844322435,0.0007345549094485,147508.02760458383,0.0003796604155723,0.0003796604155723,0.0003796604155723,19575740104704.0,19575740104704.0,19575740104704.0,1
0.2761215350687584,4730880,0.0,0.5130434782608696,533234.3563137995,0.3,2.2737545856648747,0.1578955828464762,0.2761215350687584,0.2956521739130435,0.1426458890544854,0.3357284114470323,0.0182854469733855,533234.3563137995,0.0364704641240203,0.0197399016677173,4713129.411167478,0.9962479308643378,0.0168978058796111,4730880.0,80.91540263122295,80.91540263122295,80.91540263122295,0.0123747140145252,0.0123747140145252,0.0123747140145252,3335.5,3312587.8911625817,3312587.8911625817,3312587.8911625817,4.633908320327604,1209.8274117382505,0.5219985184929729,0.0007050485321969,165978.06080752454,0.0003699186987609,0.0003699186987609,0.0003699186987609,22381225574400.0,22381225574400.0,22381225574400.0,0
0.4428636586590415,6492768,0.1391304347826087,0.6782608695652174,1519423.0781852563,0.2652173913043479,2.348446615618186,0.1582821194162029,0.4428636586590415,0.4652173913043478,0.1181845859571658,0.4837538303861743,-0.34385969775965,1519423.0781852563,0.0378895482524233,0.0169965560953461,6472272.438755243,0.9968433245659236,0.0142148761242544,6492768.0,80.92885006826056,80.92885006826056,80.92885006826056,0.0123700960176379,0.0123700960176379,0.0123700960176379,3850.0,4397104.053964543,4397104.053964543,4397104.053964543,5.160127770565911,1322.1858562244302,0.5075366951537951,0.0005929674370006,254004.10370867827,0.0003204673627662,0.0003204673627662,0.0003204673627662,42156036301824.0,42156036301824.0,42156036301824.0,0
0.21671567077164,7586528,0.0,0.5956521739130435,775377.6224574657,0.4043478260869565,2.3334891635726884,0.2017877531189056,0.21671567077164,0.1565217391304348,0.1605816709938438,0.3196944515866809,0.7652423684360389,775377.6224574657,0.055238860417307,0.0158367905892939,7564452.200953058,0.9970901314742472,0.0131028282409341,7586528.0,80.93442191210525,80.93442191210525,80.93442191210525,0.0123681827595989,0.0123681827595989,0.0123681827595989,4146.25,5096794.203690304,5096794.203690304,5096794.203690304,5.378059635072508,1403.4858900144718,0.5038415141126035,0.0005465280033237,305881.7012572231,0.000297566064719,0.000297566064719,0.000297566064719,57555407094784.0,57555407094784.0,57555407094784.0,0
0.3100012662857377,4896896,0.1130434782608695,0.591304347826087,624844.4081096413,0.2565217391304348,2.5621860221603066,0.1462399452900953,0.3100012662857377,0.2695652173913043,0.1104211216439785,0.3572115587672514,0.6913500020251034,624844.4081096413,0.0314993126181683,0.0190867265796319,4879223.988636066,0.9963911809922176,0.0162527240336075,4896896.0,80.91863825574404,80.91863825574404,80.91863825574404,0.0123736036052225,0.0123736036052225,0.0123736036052225,3320.5,3268099.7217077026,3268099.7217077026,3268099.7217077026,5.458284439090652,1110.213575784956,0.5007259037237307,0.0006780826057976,202975.31886192897,0.0003715689638057,0.0003715689638057,0.0003715689638057,23979590434816.0,23979590434816.0,23979590434816.0,0
0.3922238908479575,4682496,0.0565217391304347,0.7043478260869566,974007.2290737252,0.417391304347826,1.758810077743247,0.2035053588202185,0.3922238908479575,0.3608695652173913,0.1655745316551328,0.4560814225399581,0.0961210725207978,974007.2290737252,0.0541706834341606,0.0198461708528087,4664817.483564321,0.9962245527949882,0.01700314642202,4682496.0,80.91487446011699,80.91487446011699,80.91487446011699,0.0123748953865947,0.0123748953865947,0.0123748953865947,3322.0,3286905.02551366,3286905.02551366,3286905.02551366,4.6062586939059695,1209.5290133212916,0.5230365801131839,0.0007094506861297,163054.58132540595,0.0003714233482874,0.0003714233482874,0.0003714233482874,21925768790016.0,21925768790016.0,21925768790016.0,1
0.4782023573039593,5554540,0.1913043478260869,0.7434782608695653,1517523.214593572,0.3565217391304348,1.9929642417298847,0.1810663831652596,0.4782023573039593,0.4956521739130435,0.1446887293214622,0.5226893153107697,-0.1862673548789953,1517523.214593572,0.0445266258089783,0.0183799687390493,5535349.2528389385,0.9965450339432138,0.0155588431947857,5554540.0,80.9221141624689,80.9221141624689,80.9221141624689,0.0123724088985688,0.0123724088985688,0.0123724088985688,3605.5,3867757.369877262,3867757.369877262,3867757.369877262,4.7379006523594365,1296.4785729144996,0.519654373395985,0.0006491086570625,198208.86532122432,0.0003422115453114,0.0003422115453114,0.0003422115453114,30852914611600.0,30852914611600.0,30852914611600.0,0
0.2560253728479134,8265933,0.0,0.6,950677.846030247,0.3695652173913043,2.3925705784839604,0.1868409774630326,0.2560253728479134,0.2217391304347826,0.1532126028508739,0.3391335424553058,0.5991346561085131,950677.846030247,0.0494625680763715,0.0155669827530422,8242350.724359488,0.997147052166947,0.0128459933557184,8265933.0,80.93570719723957,80.93570719723957,80.93570719723957,0.0123677407821557,0.0123677407821557,0.0123677407821557,4429.0,5848247.934970364,5848247.934970364,5848247.934970364,4.690409098911663,1631.3613886536832,0.5262254680192521,0.0005358136824965,281258.3907027224,0.000278581117095,0.000278581117095,0.000278581117095,68325648360489.0,68325648360489.0,68325648360489.0,0
0.2230798526320766,5523000,0.0,0.6304347826086957,638907.9965973536,0.3782608695652174,2.932798206507505,0.2110300301686268,0.2230798526320766,0.1391304347826087,0.1536533640167573,0.340119584841865,1.043030797385051,638907.9965973536,0.0659167113426536,0.0185800772547631,5503677.903671193,0.9965015215772576,0.0157547141590076,5523000.0,80.92113163135977,80.92113163135977,80.92113163135977,0.0123727459579804,0.0123727459579804,0.0123727459579804,3630.25,3932852.774793388,3932852.774793388,3932852.774793388,4.520323915624404,1350.0185950413224,0.5288778088928352,0.0006572967590077,184460.001570931,0.0003398870488228,0.0003398870488228,0.0003398870488228,30503529000000.0,30503529000000.0,30503529000000.0,1
0.2608791517401241,6071023,0.0,0.7130434782608696,785901.1817769377,0.3043478260869565,2.9719840543285185,0.1949515099651491,0.2608791517401241,0.2043478260869565,0.142644898271165,0.359793266927844,0.9838381815513156,785901.1817769377,0.0613932631139641,0.0176791517445509,6050968.22068653,0.9966966392132808,0.0148756425322082,6071023.0,80.9255380847676,80.9255380847676,80.9255380847676,0.0123712330069342,0.0123712330069342,0.0123712330069342,3767.5,4222467.606609596,4222467.606609596,4222467.606609596,4.776419558696579,1352.210332470635,0.5191539582860114,0.0006205708658985,217423.93951656765,0.0003274946270932,0.0003274946270932,0.0003274946270932,36857320266529.0,36857320266529.0,36857320266529.0,0
0.2993715406836856,5863954,0.0,0.6782608695652174,917856.4064461252,0.4652173913043478,2.08420366227029,0.2237141096528163,0.2993715406836856,0.2565217391304348,0.1885123363581882,0.3956326220855118,0.4575519874869581,917856.4064461252,0.0669018522869336,0.0180011644218636,5844175.454978671,0.996627097514522,0.0151889511254861,5863954.0,80.92396768460326,80.92396768460326,80.92396768460326,0.0123717722012177,0.0123717722012177,0.0123717722012177,3715.75,4111489.5392612033,4111489.5392612033,4111489.5392612033,4.681695807990408,1350.3886758175213,0.5225350576942918,0.0006336594727721,204910.3343568257,0.0003320592046146,0.0003320592046146,0.0003320592046146,34385956514116.0,34385956514116.0,34385956514116.0,1
0.2651175569103738,6869289,0.0,0.4652173913043478,652225.9076559556,0.0782608695652173,3.578569109922324,0.1022036376368828,0.2651175569103738,0.2565217391304348,0.0869901273915572,0.3081364883481059,0.1811302004735916,652225.9076559556,0.024660776469377,0.0166118152990342,6848169.553438354,0.99692552656299,0.0138444284717282,6869289.0,80.9307060745297,80.9307060745297,80.9307060745297,0.012369458586248,0.012369458586248,0.012369458586248,3967.0,4669912.241444508,4669912.241444508,4669912.241444508,5.11295442072029,1371.4242768009076,0.5092501941389502,0.0005774979040771,265106.78672534635,0.0003110161315194,0.0003110161315194,0.0003110161315194,47187131365521.0,47187131365521.0,47187131365521.0,0
0.3350305963497942,4861620,0.108695652173913,0.5652173913043478,697614.0913610583,0.2565217391304347,2.5256339272069908,0.1440019428692176,0.3350305963497942,0.3260869565217391,0.1038566762160046,0.3788062337391512,0.0043048850865905,697614.0913610583,0.0312486622291416,0.0199261998288243,4843179.092709015,0.9962068390184784,0.0170823559245598,4861620.0,80.91447501038748,80.91447501038748,80.91447501038748,0.0123750314951156,0.0123750314951156,0.0123750314951156,3465.25,3606588.230519481,3606588.230519481,3606588.230519481,4.17604063456513,1362.6525974025974,0.5448923371001293,0.0007127768110218,145321.7021420138,0.000356092692431,0.000356092692431,0.000356092692431,23635349024400.0,23635349024400.0,23635349024400.0,0
0.3576394097398036,5935104,0.1869565217391304,0.5043478260869565,870810.7501890359,0.1652173913043478,3.960017622709184,0.1046580063344843,0.3576394097398036,0.3652173913043478,0.0696490255776069,0.3830431711320683,0.2190332169498785,870810.7501890359,0.0188161235518758,0.0176308524855855,5915560.270978908,0.99670709577775,0.014828828960377,5935104.0,80.92577383648205,80.92577383648205,80.92577383648205,0.0123711525797178,0.0123711525797178,0.0123711525797178,3671.5,3997216.970786517,3997216.970786517,3997216.970786517,5.239919547393683,1248.5341164453523,0.5050120769040557,0.0006186075256642,237007.5287360202,0.0003360471455631,0.0003360471455631,0.0003360471455631,35225459490816.0,35225459490816.0,35225459490816.0,0
0.3237273472638681,2784000,0.1434782608695652,0.5739130434782609,371108.1310964082,0.2347826086956521,2.940741915068052,0.1365720567860768,0.3237273472638681,0.2869565217391304,0.0975921151992213,0.3651031832859704,0.5864644927687201,371108.1310964082,0.0285009390790479,0.0246694943145662,2770473.003804597,0.9951411651596974,0.0218876718171984,2784000.0,80.89038074712644,80.89038074712644,80.89038074712644,0.0123833113825031,0.0123833113825031,0.0123833113825031,2543.5,1923261.8224712475,1923261.8224712475,1923261.8224712475,4.622899445968513,903.5064877617222,0.5163687666652086,0.0009136135057471,101827.98569217304,0.0004851141299857,0.0004851141299857,0.0004851141299857,7750656000000.0,7750656000000.0,7750656000000.0,1
0.2967975551415725,3505664,0.0695652173913043,0.5043478260869565,409464.9353119091,0.2,3.57110273635594,0.1297554060004479,0.2967975551415725,0.3043478260869565,0.0868027204104987,0.3417615604276341,0.5010769747225038,409464.9353119091,0.0287121754479166,0.0232383503262776,3489772.166304586,0.9954668120802752,0.0204175473818929,3505664.0,80.89774832956039,80.89774832956039,80.89774832956039,0.0123807765355129,0.0123807765355129,0.0123807765355129,2987.5,2698113.0564900828,2698113.0564900828,2698113.0564900828,3.872033754966549,1229.1866683404469,0.5585454853980535,0.0008521923378852,95543.17828778832,0.000413076789636,0.000413076789636,0.000413076789636,12289680080896.0,12289680080896.0,12289680080896.0,1
0.3141922186895197,4945920,0.0,0.6826086956521739,829147.3617580353,0.4739130434782609,1.7797521700030674,0.234996701020845,0.3141922186895197,0.2652173913043478,0.2042653410289213,0.4094419320841801,0.3700984530156994,829147.3617580353,0.0689259454637831,0.0192915816737581,4927849.1192223085,0.9963463054845828,0.0164545341977576,4945920.0,80.9176250323499,80.9176250323499,80.9176250323499,0.0123739508499236,0.0123739508499236,0.0123739508499236,3395.5,3428524.8314557103,3428524.8314557103,3428524.8314557103,4.753587068511119,1212.4237905897944,0.5177653612966191,0.0006865254593685,178969.07633940136,0.0003633767935568,0.0003633767935568,0.0003633767935568,24462124646400.0,24462124646400.0,24462124646400.0,0
0.2020844909948926,3421440,0.0,0.5608695652173913,324810.0733270325,0.3652173913043478,2.577834994515253,0.2018636991869224,0.2020844909948926,0.1043478260869565,0.1606841850554687,0.3081131830234485,0.8397580141503949,324810.0733270325,0.0540955920521761,0.0224956487620263,3406504.7232603817,0.995634797997446,0.019662060890001,3421440.0,80.90154437897493,80.90154437897493,80.90154437897493,0.012379475517925,0.012379475517925,0.012379475517925,2807.5,2340655.7071867487,2340655.7071867487,2340655.7071867487,4.805081748671499,981.3193962062516,0.512107773498865,0.0008205609334081,129211.16717578925,0.0004394846515122,0.0004394846515122,0.0004394846515122,11706251673600.0,11706251673600.0,11706251673600.0,1
0.2615041798569034,7187395,0.0,0.782608695652174,1041464.2308506616,0.391304347826087,2.7582331450210784,0.2253344106138245,0.2615041798569034,0.217391304347826,0.1769250302149495,0.3806592808149125,0.8912509068824804,1041464.2308506616,0.0765170519878947,0.0162498099791625,7165851.372732541,0.9970025819831164,0.0134972680135109,7187395.0,80.9324456218143,80.9324456218143,80.9324456218143,0.0123688613155821,0.0123688613155821,0.0123688613155821,4046.5,4856456.626506024,4856456.626506024,4856456.626506024,5.234843520918069,1384.0347544022245,0.5064939303803937,0.0005629995290365,283528.24588122295,0.0003049034758655,0.0003049034758655,0.0003049034758655,51658646886025.0,51658646886025.0,51658646886025.0,0
0.2975617829821757,5356785,0.0652173913043478,0.5652173913043478,687190.8935727794,0.2695652173913043,3.2768883717544526,0.1598671243517398,0.2975617829821757,0.2652173913043478,0.1143502263870269,0.3581678417329916,0.7931643480856919,687190.8935727794,0.0397411881601377,0.0188896287491214,5337683.165406303,0.9964340860061216,0.0160585324313577,5356785.0,80.91960849651423,80.91960849651423,80.91960849651423,0.0123732689211952,0.0123732689211952,0.0123732689211952,3589.0,3849107.486938349,3849107.486938349,3849107.486938349,4.435958180239817,1352.0094043887148,0.5324993530592925,0.0006699914220936,174416.12603387673,0.0003437978968758,0.0003437978968758,0.0003437978968758,28695145536225.0,28695145536225.0,28695145536225.0,1
0.2194118646614771,5353784,0.0,0.5347826086956522,504396.5573534975,0.3521739130434783,2.7700829790623653,0.1764087377797755,0.2194118646614771,0.1826086956521739,0.1419069624812002,0.3069415162426379,0.7640384286183303,504396.5573534975,0.046071528039103,0.018895361689151,5334686.17026462,0.996432835217973,0.0160641676494919,5353784.0,80.91958024455226,80.91958024455226,80.91958024455226,0.0123732786214593,0.0123732786214593,0.0123732786214593,3588.25,3847596.0869565215,3847596.0869565215,3847596.0869565215,4.434444035989928,1352.0459866220735,0.5325660507153164,0.0006702268899903,174237.18626888958,0.0003438698386957,0.0003438698386957,0.0003438698386957,28663003118656.0,28663003118656.0,28663003118656.0,0
0.2326771702004114,5347782,0.0,0.6,583035.6037051042,0.3782608695652174,2.7782214612245064,0.1902592828193491,0.2326771702004114,0.2,0.1503533276120384,0.330187547535794,0.821388892234726,583035.6037051042,0.054885151015231,0.0189068459134134,5328692.18000659,0.996430329435005,0.0160754570382079,5347782.0,80.91952364550387,80.91952364550387,80.91952364550387,0.0123732980546484,0.0123732980546484,0.0123732980546484,3586.75,3844574.773839397,3844574.773839397,3844574.773839397,4.431413570844672,1352.1201380175658,0.532699736097358,0.0006706986186048,173879.3814004522,0.0003440138131618,0.0003440138131618,0.0003440138131618,28598772319524.0,28598772319524.0,28598772319524.0,0
0.437389396030701,3991680,0.1913043478260869,0.7043478260869566,922088.7836672968,0.3478260869565217,1.9791267574203533,0.1728417879210665,0.437389396030701,0.4130434782608695,0.1386143231763804,0.4806273832131628,0.0165421717945921,922088.7836672968,0.0396931977342315,0.0216289793909444,3975030.850294613,0.995829036970552,0.0187853230086444,3991680.0,80.90593684864518,80.90593684864518,80.90593684864518,0.0123779645304208,0.0123779645304208,0.0123779645304208,3129.25,2937227.451342282,2937227.451342282,2937227.451342282,4.180893781324669,1217.6929530201342,0.5418127883557369,0.0007839431016514,121872.62983649386,0.0003943314352843,0.0003943314352843,0.0003943314352843,15933509222400.0,15933509222400.0,15933509222400.0,1
0.5671905770228522,4243806,0.2130434782608695,0.7565217391304347,1543118.8131569005,0.2608695652173913,2.934129442044644,0.168063147261786,0.5671905770228522,0.6521739130434783,0.1181483182406917,0.6030064003393543,-1.0266067722216614,1543118.8131569005,0.041911568186709,0.0203907070033937,4227274.309870903,0.9961045132296112,0.017544732645549,4243806.0,80.91216139474801,80.91216139474801,80.91216139474801,0.0123758282535843,0.0123758282535843,0.0123758282535843,3106.75,2862564.592105263,2862564.592105263,2862564.592105263,5.099204112542802,1059.592105263158,0.5057561818597677,0.000732066922946,168474.33240997224,0.0003971407179307,0.0003971407179307,0.0003971407179307,18009889365636.0,18009889365636.0,18009889365636.0,1
0.4945194091473838,5720064,0.2913043478260869,0.7260869565217392,1569848.508884691,0.2173913043478261,3.304859949018628,0.1344734063931415,0.4945194091473838,0.4869565217391304,0.0921657813388186,0.5238759102026683,-0.2755359848632889,1569848.508884691,0.0298965232671966,0.01794512153823,5700840.398199741,0.9966392680570952,0.0151344577135021,5720064.0,80.92424210638202,80.92424210638202,80.92424210638202,0.012371678570358,0.012371678570358,0.012371678570358,3611.5,3868874.6982346834,3868874.6982346834,3868874.6982346834,5.142935040856035,1237.5647975077882,0.506970882140766,0.000631374054556,224809.18742946963,0.0003416320661682,0.0003416320661682,0.0003416320661682,32719132164096.0,32719132164096.0,32719132164096.0,0
0.3327620763489204,5113052,0.1565217391304348,0.6260869565217392,738972.912249526,0.2565217391304347,2.796640256741118,0.1515432966073562,0.3327620763489204,0.2739130434782608,0.1119513501891015,0.3801667716580258,0.7644067638837019,738972.912249526,0.0337961748168411,0.0190315595474904,5094661.179444293,0.996403161838427,0.0161982591173688,5113052.0,80.91890948889235,80.91890948889235,80.91890948889235,0.0123735096275469,0.0123735096275469,0.0123735096275469,3455.5,3551610.512481007,3551610.512481007,3551610.512481007,4.740575718185094,1237.811699587584,0.5186263728212686,0.0006758194518655,183843.4936075374,0.0003570673837579,0.0003570673837579,0.0003570673837579,26143300754704.0,26143300754704.0,26143300754704.0,0
0.2356508650732309,4765588,0.0,0.6043478260869565,532893.4734404536,0.4304347826086956,2.175516898837063,0.2069664289363714,0.2356508650732309,0.1521739130434782,0.1669646691049605,0.3343966776280355,0.6946951562650383,532893.4734404536,0.0562898077989061,0.0201508360790798,4747275.305442266,0.9961573063895298,0.0173055169314474,4765588.0,80.91335591746495,80.91335591746495,80.91335591746495,0.0123754157338085,0.0123754157338085,0.0123754157338085,3441.25,3561198.577375763,3561198.577375763,3561198.577375763,4.123203336656293,1365.8358761987795,0.5476429547076677,0.0007221039670235,139806.1471546639,0.0003585803641259,0.0003585803641259,0.0003585803641259,22710828985744.0,22710828985744.0,22710828985744.0,0
0.2420981820604584,6852000,0.0,0.6521739130434783,860485.6930245738,0.4347826086956521,2.346480235745383,0.2224492324142116,0.2420981820604584,0.1695652173913043,0.1787004126317483,0.3543750600166275,0.7520630427576097,860485.6930245738,0.0669701534048097,0.0166317593857375,6830904.5615458265,0.9969212728467348,0.0138635936294992,6852000.0,80.93061004086398,80.93061004086398,80.93061004086398,0.0123694915605428,0.0123694915605428,0.0123694915605428,3962.5,4659440.799167139,4659440.799167139,4659440.799167139,5.107729505770909,1370.5193072118116,0.5093733309127033,0.0005782983070636,264184.81984740344,0.0003113694480849,0.0003113694480849,0.0003113694480849,46949904000000.0,46949904000000.0,46949904000000.0,1
0.2683335126642813,5935104,0.0,0.6521739130434783,785576.3419659727,0.4304347826086956,1.988451926734204,0.2118136996663301,0.2683335126642813,0.2130434782608695,0.1772432493975934,0.3638145227710798,0.5514096000994951,785576.3419659727,0.0603581329603967,0.0176308524855855,5915560.270978908,0.99670709577775,0.014828828960377,5935104.0,80.92577383648205,80.92577383648205,80.92577383648205,0.0123711525797178,0.0123711525797178,0.0123711525797178,3671.5,3997216.970786517,3997216.970786517,3997216.970786517,5.239919547393683,1248.5341164453523,0.5050120769040557,0.0006186075256642,237007.5287360202,0.0003360471455631,0.0003360471455631,0.0003360471455631,35225459490816.0,35225459490816.0,35225459490816.0,1
0.2316644171302873,5191730,0.0478260869565217,0.5565217391304348,463470.71277882793,0.2304347826086956,3.072073742919682,0.1484447546926817,0.2316644171302873,0.1826086956521739,0.1005724417923211,0.2987824599696486,1.0130273361027398,463470.71277882793,0.0356025562211989,0.0192142822073403,5172848.445530873,0.9963631478391352,0.016378132549272,5191730.0,80.91800613668276,80.91800613668276,80.91800613668276,0.0123738190887773,0.0123738190887773,0.0123738190887773,3547.75,3766721.8472515857,3766721.8472515857,3766721.8472515857,4.351593722577978,1354.5153276955602,0.5363140227686174,0.0006833463989845,164614.6889406381,0.0003478001630182,0.0003478001630182,0.0003478001630182,26954060392900.0,26954060392900.0,26954060392900.0,0
0.2433659765583966,4662272,0.0,0.5521739130434783,517004.6799810968,0.4173913043478261,2.1460089751165365,0.2011427862340685,0.2433659765583966,0.1913043478260869,0.1699947056651054,0.333003220576215,0.5414448537848537,517004.6799810968,0.0516641463679091,0.0196797353362863,4644840.693464474,0.9962611991459258,0.0168382973157447,4662272.0,80.915702043982,80.915702043982,80.915702043982,0.0123746116819343,0.0123746116819343,0.0123746116819343,3275.5,3185460.795969773,3185460.795969773,3185460.795969773,4.917365748039592,1142.27123883673,0.5115116186940073,0.0007025544627168,176840.56315741938,0.0003766843231932,0.0003766843231932,0.0003766843231932,21736780201984.0,21736780201984.0,21736780201984.0,1
0.340648496180139,3784704,0.1130434782608695,0.5956521739130435,569050.0306805292,0.2652173913043478,2.7192266686766,0.1518118740745837,0.340648496180139,0.3217391304347826,0.1113910283727692,0.3877566600735569,0.4608493859161497,569050.0306805292,0.0343138294816098,0.0222827615276697,3768363.411280776,0.9956824658627932,0.0194457657793687,3784704.0,80.90262382474296,80.90262382474296,80.90262382474296,0.0123791022109842,0.0123791022109842,0.0123791022109842,3071.5,2839000.505982906,2839000.505982906,2839000.505982906,4.041602482672176,1225.048717948718,0.549096146019223,0.0008115562009604,109951.98821827752,0.0004017594045591,0.0004017594045591,0.0004017594045591,14323984367616.0,14323984367616.0,14323984367616.0,0
0.2509683100444704,7703567,0.0,0.6043478260869565,856368.3184877106,0.3869565217391304,2.365398972137664,0.1795938626857455,0.2509683100444704,0.217391304347826,0.1461067947656585,0.3334144085602626,0.5803115128392414,856368.3184877106,0.0481800751890128,0.0157234638985915,7681335.160922856,0.9971140850625244,0.0129949093028937,7703567.0,80.93496259589875,80.93496259589875,80.93496259589875,0.012367997116718,0.012367997116718,0.012367997116718,4175.5,5168555.566014011,5168555.566014011,5168555.566014011,5.417972402904134,1409.9171007724087,0.5032184481358737,0.0005420216375089,312243.67800188577,0.0002954810816774,0.0002954810816774,0.0002954810816774,59344944523489.0,59344944523489.0,59344944523489.0,0
0.2199024464203678,7265421,0.0,0.5434782608695652,653772.6260491494,0.1130434782608695,4.697738043784228,0.1456055405850692,0.2199024464203678,0.1695652173913043,0.0850426318424956,0.2999735576160852,1.403645531858624,653772.6260491494,0.0416270493271882,0.0161656534433204,7243773.334604148,0.997020452717626,0.0134167543717619,7265421.0,80.9328490393055,80.9328490393055,80.9328490393055,0.0123687228028577,0.0123687228028577,0.0123687228028577,4066.0,4902898.26618705,4902898.26618705,4902898.26618705,5.26369432432686,1387.5273934698396,0.5059080231451466,0.0005596372185452,287971.0918922266,0.000303440729997,0.000303440729997,0.000303440729997,52786342307241.0,52786342307241.0,52786342307241.0,0
0.3065727974490804,4338432,0.0826086956521739,0.6260869565217392,578630.1345935729,0.3043478260869565,2.244623398348119,0.1667111369715969,0.3065727974490804,0.2565217391304348,0.1279535447145148,0.3652028233955673,0.5982836086793115,578630.1345935729,0.039386222080339,0.020666698339153,4321266.079416711,0.9960432892383032,0.0178199119247388,4338432.0,80.91077882516079,80.91077882516079,80.91077882516079,0.0123763018129961,0.0123763018129961,0.0123763018129961,3226.0,3108682.644501279,3108682.644501279,3108682.644501279,4.401726694915634,1210.593815391769,0.531409861751167,0.0007435866230011,142356.6802893367,0.0003824883077113,0.0003824883077113,0.0003824883077113,18821992218624.0,18821992218624.0,18821992218624.0,1
0.3735073360455719,3780096,0.1739130434782608,0.5826086956521739,625543.2108695644,0.208695652173913,3.461549279511204,0.1257364443793858,0.3735073360455719,0.3565217391304348,0.0862679477756507,0.4067965328879567,0.4331391676888867,625543.2108695644,0.0259756890898029,0.0214792304571716,3764456.4709044425,0.9958626635155412,0.0186348989079273,3780096.0,80.90669549133143,80.90669549133143,80.90669549133143,0.0123777059277506,0.0123777059277506,0.0123777059277506,2939.5,2563816.975759122,2563816.975759122,2563816.975759122,4.963582783527059,1012.3874712936972,0.5082642182428418,0.00077762575342,147080.58220766904,0.0004197422328361,0.0004197422328361,0.0004197422328361,14289125769216.0,14289125769216.0,14289125769216.0,0
0.3996517576992204,4260352,0.0,0.7391304347826086,941802.751039698,0.3695652173913043,2.0409681589080804,0.2049440728486647,0.3996517576992204,0.4217391304347826,0.1863891695058558,0.4701725128278142,-0.0937126809307873,941802.751039698,0.0613406643867441,0.0205968622969397,4243561.202942856,0.9960588239992506,0.0177502753103993,4260352.0,80.91112940902536,80.91112940902536,80.91112940902536,0.012376182056156,0.012376182056156,0.012376182056156,3155.5,2962128.9127644403,2962128.9127644403,2962128.9127644403,4.677023363593042,1132.1365581174232,0.5190483855758078,0.0007406664989183,152726.77880013591,0.0003910193984842,0.0003910193984842,0.0003910193984842,18150599163904.0,18150599163904.0,18150599163904.0,0
0.2583825678115353,4092160,0.0,0.6173913043478261,517464.6618903589,0.4391304347826087,2.1030859471809924,0.2142830269531933,0.2583825678115353,0.217391304347826,0.1796513955080107,0.3556018776261402,0.5483598691579415,517464.6618903589,0.0596911440223538,0.020694026480823,4075944.240624023,0.9960373593955324,0.0178474816355275,4092160.0,80.91064376759462,80.91064376759462,80.91064376759462,0.0123763496750908,0.0123763496750908,0.0123763496750908,3047.5,2754008.937238494,2754008.937238494,2754008.937238494,5.134620751922855,1035.1460743293133,0.5047122998595406,0.0007447167266187,163862.22000538028,0.0004048615999699,0.0004048615999699,0.0004048615999699,16745773465600.0,16745773465600.0,16745773465600.0,1
0.4008356958483209,3397632,0.1,0.6956521739130435,706884.1577504732,0.3347826086956521,2.212710798034996,0.1794383595701597,0.4008356958483209,0.3956521739130434,0.1334042198570476,0.4561271832774849,0.0232065749830352,706884.1577504732,0.0473827522584446,0.0237066386089935,3381868.7187594185,0.995360509542946,0.0208964862273675,3397632.0,80.8953447577607,80.8953447577607,80.8953447577607,0.0123816018165622,0.0123816018165622,0.0123816018165622,2963.5,2664054.6960263224,2664054.6960263224,2664054.6960263224,3.76502063767118,1245.6154138192862,0.565202585122573,0.0008722251262055,88544.32230357188,0.0004164372334978,0.0004164372334978,0.0004164372334978,11543903207424.0,11543903207424.0,11543903207424.0,1
0.3209897346993421,8999999,0.1217391304347826,0.5521739130434783,1180704.3322684343,0.2565217391304347,2.344538793424979,0.1419433987929714,0.3209897346993421,0.2956521739130435,0.1078700578876125,0.3622007521094436,0.2076665424877409,1180704.3322684343,0.0281549750462918,0.0146581713984675,8976038.968014218,0.9973377739279992,0.0119871159965935,8999999.0,80.94001110444567,80.94001110444567,80.94001110444567,0.0123662637197083,0.0123662637197083,0.0123662637197083,4499.5,6000250.1250208365,6000250.1250208365,6000250.1250208365,5.775106893082239,1501.0002500416736,0.5001667361296339,0.0004999444999938,374874.78133333975,0.0002742013688005,0.0002742013688005,0.0002742013688005,80999982000001.0,80999982000001.0,80999982000001.0,0
0.3686091525195776,4644864,0.0869565217391304,0.6565217391304348,868080.6341398855,0.4217391304347825,1.8610349823429129,0.1985904183617059,0.3686091525195776,0.4043478260869565,0.1648898263979728,0.4323082590433963,0.0913595922890758,868080.6341398855,0.0510177235159312,0.0199302805551227,4627241.541687335,0.9962060335216132,0.0170865934447882,4644864.0,80.91445605296516,80.91445605296516,80.91445605296516,0.0123750390661147,0.0123750390661147,0.0123750390661147,3311.5,3267033.447791619,3267033.447791619,3267033.447791619,4.584567116243554,1209.3713476783691,0.5238666699158254,0.0007129379891424,160781.7746015141,0.0003726021559854,0.0003726021559854,0.0003726021559854,21574761578496.0,21574761578496.0,21574761578496.0,0
0.216290567163498,5306112,0.0,0.5347826086956522,525661.3378071833,0.408695652173913,2.1669263471354108,0.2051926066234868,0.216290567163498,0.1260869565217391,0.1711613517957384,0.314749328067514,0.6119201217338666,525661.3378071833,0.0522855300750439,0.0186184529017656,5287504.726461861,0.9964932376968036,0.0157924641231924,5306112.0,80.92094399816665,80.92094399816665,80.92094399816665,0.0123728111289279,0.0123728111289279,0.0123728111289279,3496.0,3629062.4917399697,3629062.4917399697,3629062.4917399697,4.942655516700673,1221.187298862905,0.5119475002924061,0.0006588628359145,200572.9822325708,0.0003529241380136,0.0003529241380136,0.0003529241380136,28154824556544.0,28154824556544.0,28154824556544.0,0
0.3457216852922811,4313088,0.0956521739130434,0.5739130434782609,644097.4908506612,0.1826086956521739,3.1295373674482163,0.1305219893197879,0.3457216852922811,0.3521739130434783,0.0845721116994987,0.386439617955946,0.035078326401163,644097.4908506612,0.0298120946446027,0.0205798106592086,4296105.549998516,0.9960625774383728,0.0177332016705373,4313088.0,80.91121442456078,80.91121442456078,80.91121442456078,0.0123761525814416,0.0123761525814416,0.0123761525814416,3191.5,3034726.565452409,3034726.565452409,3034726.565452409,4.560314503051417,1166.1965922444183,0.5240180005274778,0.0007399570794753,149141.67706523478,0.0003866141461329,0.0003866141461329,0.0003866141461329,18602728095744.0,18602728095744.0,18602728095744.0,1
0.314595600996841,5862000,0.0043478260869565,0.6347826086956522,852933.5935538731,0.2956521739130435,2.508723718507341,0.1764945025257127,0.314595600996841,0.2826086956521739,0.1308513240293575,0.3814474384989442,0.4499898781007018,852933.5935538731,0.046531756170843,0.0180032102996023,5842225.452615489,0.9966266551715268,0.015190945295766,5862000.0,80.92395769361993,80.92395769361993,80.92395769361993,0.0123717756338164,0.0123717756338164,0.0123717756338164,3715.0,4109786.665051484,4109786.665051484,4109786.665051484,4.6824147554520055,1349.9497274379164,0.5225014592041018,0.0006337427499147,204891.7909469548,0.0003321262198962,0.0003321262198962,0.0003321262198962,34363044000000.0,34363044000000.0,34363044000000.0,1
0.4173070839482513,5524480,0.1913043478260869,0.6782608695652174,1162394.096994328,0.2695652173913044,2.632092299257625,0.1547671777316996,0.4173070839482513,0.4043478260869565,0.1120188910054958,0.4587023816684297,0.1103086915467815,1162394.096994328,0.0362626726348972,0.0182271719374649,5505576.4393130215,0.9965782190021544,0.0154095732348496,5524480.0,80.92286332831326,80.92286332831326,80.92286332831326,0.0123721520921649,0.0123721520921649,0.0123721520921649,3551.5,3741834.661034847,3741834.661034847,3741834.661034847,5.106634474238989,1220.0343189017951,0.5076102046255111,0.0006428659348934,216017.9004269582,0.0003474047056169,0.0003474047056169,0.0003474047056169,30519879270400.0,30519879270400.0,30519879270400.0,0
0.3793994775324965,4171776,0.0652173913043478,0.6521739130434783,784540.2752741018,0.3,2.354978212746947,0.1706597905337382,0.3793994775324965,0.3739130434782609,0.1264658555318301,0.4336577688954831,0.0857964074493772,784540.2752741018,0.0441150969714768,0.0211102454388263,4154858.425955756,0.9959447549330924,0.0182639030838168,4171776.0,80.90855213702748,80.90855213702748,80.90855213702748,0.0123770664497403,0.0123770664497403,0.0123770664497403,3179.5,3025225.139891484,3025225.139891484,3025225.139891484,4.2974946533971,1213.216914366596,0.5361445893764085,0.0007621454267918,132445.8517426644,0.0003880896877725,0.0003880896877725,0.0003880896877725,17403714994176.0,17403714994176.0,17403714994176.0,1
0.3260351396797993,5720064,0.1,0.5391304347826087,771001.8975614375,0.2565217391304348,2.549146751655904,0.1404248688359645,0.3260351396797993,0.3304347826086956,0.1045204602610866,0.3671362599943987,0.1551242886729684,771001.8975614375,0.0284901210966483,0.01794512153823,5700840.398199741,0.9966392680570952,0.0151344577135021,5720064.0,80.92424210638202,80.92424210638202,80.92424210638202,0.012371678570358,0.012371678570358,0.012371678570358,3611.5,3868874.6982346834,3868874.6982346834,3868874.6982346834,5.142935040856035,1237.5647975077882,0.506970882140766,0.000631374054556,224809.18742946963,0.0003416320661682,0.0003416320661682,0.0003416320661682,32719132164096.0,32719132164096.0,32719132164096.0,0
0.3529332683355806,2451456,0.0,0.8217391304347826,522203.8471644615,0.5478260869565217,2.058254938021289,0.2509972375422775,0.3529332683355806,0.3434782608695652,0.2149509758470256,0.4615385508908831,0.3893642334902695,522203.8471644615,0.0884559420604211,0.0263943063442344,2438570.0253106724,0.994743542331852,0.0236800761590013,2451456.0,80.88138477704679,80.88138477704679,80.88138477704679,0.012386401850901,0.012386401850901,0.012386401850901,2423.5,1754286.0835654596,1754286.0835654596,1754286.0835654596,4.257206193838018,908.0403899721448,0.5309626709910693,0.0009885961648913,80722.62505722331,0.0005091696788075,0.0005091696788075,0.0005091696788075,6009636519936.0,6009636519936.0,6009636519936.0,1
0.3771689717541823,3420160,0.0434782608695652,0.7260869565217392,700502.2325708884,0.408695652173913,1.9982781572897603,0.2146655515891207,0.3771689717541823,0.4043478260869565,0.1676056660199777,0.4525656109163998,0.112130106702536,700502.2325708884,0.0625591989300274,0.023572535107068,3404396.4768993263,0.9953909983449096,0.0207591632994981,3420160.0,80.89603410366766,80.89603410366766,80.89603410366766,0.0123813651992889,0.0123813651992889,0.0123813651992889,2963.5,2660043.274107821,2660043.274107821,2660043.274107821,3.809173996032377,1234.2117185522652,0.5623163043665567,0.0008664799307634,90877.3849230395,0.0004164309907893,0.0004164309907893,0.0004164309907893,11697494425600.0,11697494425600.0,11697494425600.0,0
0.3630464258982034,5344000,0.1695652173913043,0.5956521739130435,843297.5924196607,0.2043478260869565,3.108111512049545,0.1279827743170577,0.3630464258982034,0.3347826086956522,0.088549383184852,0.397243871182806,0.6551064875317042,843297.5924196607,0.0259999858348417,0.0185386503305302,5325352.634077844,0.9965105976942074,0.0157142589545833,5344000.0,80.92133607784432,80.92133607784432,80.92133607784432,0.012372676521956,0.012372676521956,0.012372676521956,3503.5,3643527.342324984,3643527.342324984,3643527.342324984,4.990018687692064,1217.3390066366944,0.5105628359316409,0.0006555950598802,204171.2508813152,0.0003521673226883,0.0003521673226883,0.0003521673226883,28558336000000.0,28558336000000.0,28558336000000.0,0
0.3141132327601999,5317120,0.0695652173913043,0.5869565217391305,693920.9384688096,0.2347826086956521,2.7232004483766,0.142478062601711,0.3141132327601999,0.2826086956521739,0.10351199355421,0.3612574109835715,0.5136588752138271,693920.9384688096,0.0318397939954895,0.0185920389615439,5298504.686753731,0.9964989856828004,0.015766573318349,5317120.0,80.92107381439577,80.92107381439577,80.92107381439577,0.0123727665668446,0.0123727665668446,0.0123727665668446,3497.5,3631689.4600042887,3631689.4600042887,3631689.4600042887,4.962363803280305,1218.9424190435343,0.5113537248645795,0.000657780903948,201907.5999970384,0.0003527722296768,0.0003527722296768,0.0003527722296768,28271765094400.0,28271765094400.0,28271765094400.0,0
0.3787983665917025,5720064,0.1826086956521739,0.5521739130434783,943730.0331001896,0.1956521739130434,3.0295492106320343,0.1167016949183958,0.3787983665917025,0.3869565217391304,0.0818765651948199,0.4061845910767397,-0.451075941638625,943730.0331001896,0.0214977194956363,0.01794512153823,5700840.398199741,0.9966392680570952,0.0151344577135021,5720064.0,80.92424210638202,80.92424210638202,80.92424210638202,0.012371678570358,0.012371678570358,0.012371678570358,3611.5,3868874.6982346834,3868874.6982346834,3868874.6982346834,5.142935040856035,1237.5647975077882,0.506970882140766,0.000631374054556,224809.18742946963,0.0003416320661682,0.0003416320661682,0.0003416320661682,32719132164096.0,32719132164096.0,32719132164096.0,0
0.2785027867055443,4195292,0.0,0.6304347826086957,551622.469905482,0.3565217391304348,2.4717443369494325,0.188069042633512,0.2785027867055443,0.2521739130434782,0.1529221406107059,0.3626100838881211,0.5729288070375674,551622.469905482,0.0539222707345961,0.0213618524817115,4178043.587325984,0.9958886264236156,0.0185163950490646,4195292.0,80.90728416520233,80.90728416520233,80.90728416520233,0.0123775011325746,0.0123775011325746,0.0123775011325746,3241.75,3165629.175960204,3165629.175960204,3165629.175960204,4.030669847525124,1302.383965756594,0.551280417805783,0.0007727114107909,120080.16609595754,0.0003806583869008,0.0003806583869008,0.0003806583869008,17600474965264.0,17600474965264.0,17600474965264.0,0
0.2103314326199138,7880626,0.0,0.6478260869565218,874837.9678638953,0.3565217391304348,3.0375534613577533,0.2142957442833735,0.2103314326199138,0.108695652173913,0.1576674258345881,0.333183474636691,1.081320179603898,874837.9678638953,0.066771916223033,0.0155581606337643,7858158.108493919,0.997148971223088,0.0128377354632974,7880626.0,80.93575002798,80.93575002798,80.93575002798,0.0123677267532231,0.0123677267532231,0.0123677267532231,4219.75,5278200.731158905,5278200.731158905,5278200.731158905,5.476500650595259,1420.24768929968,0.5023991626910203,0.0005354587313241,321679.58155150147,0.0002923819029186,0.0002923819029186,0.0002923819029186,62104266151876.0,62104266151876.0,62104266151876.0,1
0.2988657418967448,3674020,0.0,0.6434782608695652,543094.26120983,0.4391304347826087,1.934026376049729,0.2073250388424309,0.2988657418967448,0.2739130434782608,0.1791784478536807,0.384473887359896,0.3291590270753918,543094.26120983,0.0584994383821383,0.0218377342791614,3658524.797130119,0.9957824935983252,0.0189961501097015,3674020.0,80.90488347913185,80.90488347913185,80.90488347913185,0.0123783281823838,0.0123783281823838,0.0123783281823838,2912.5,2519606.4864795264,2519606.4864795264,2519606.4864795264,4.794491099582844,1022.1384238990472,0.5131698233064762,0.0007927284010429,137623.44464161573,0.0004236400830522,0.0004236400830522,0.0004236400830522,13498422960400.0,13498422960400.0,13498422960400.0,1
0.2331941773433393,8847000,0.0,0.5173913043478261,855196.146200377,0.4,2.0870469143037726,0.1770998189734877,0.2331941773433393,0.217391304347826,0.152937672187781,0.3109101168099149,0.3673818892898102,855196.146200377,0.0422855763879183,0.014768216238078,8823243.970086131,0.9973147925947928,0.0120906546502733,8847000.0,80.93949248332768,80.93949248332768,80.93949248332768,0.012366441787479,0.012366441787479,0.012366441787479,4461.25,5898683.303127102,5898683.303127102,5898683.303127102,5.748547823007379,1488.4685608607936,0.5002048690082034,0.0005042669831581,368367.47679621045,0.0002765524730308,0.0002765524730308,0.0002765524730308,78269409000000.0,78269409000000.0,78269409000000.0,0
0.2102335520500327,7451483,0.0,0.6173913043478261,773791.2998109632,0.3652173913043478,2.715093471784111,0.2066128578484047,0.2102335520500327,0.1217391304347826,0.1572030030736593,0.3222482471424705,0.9459139040906523,773791.2998109632,0.059645786378821,0.0159717887545884,7429587.252762571,0.997061558452535,0.0132315592725408,7451483.0,80.9337769407781,80.9337769407781,80.9337769407781,0.012368404209431,0.012368404209431,0.012368404209431,4112.5,5014710.966259347,5014710.966259347,5014710.966259347,5.330822846682331,1396.468630311873,0.5046450173831613,0.0005519035606737,298426.65043325763,0.0003000087315563,0.0003000087315563,0.0003000087315563,55524598899289.0,55524598899289.0,55524598899289.0,0
0.4133420145909641,2889984,0.1695652173913043,0.6304347826086957,584504.9213232518,0.2304347826086956,2.8278920927938684,0.1403568190985535,0.4133420145909641,0.4217391304347826,0.0961833901067604,0.4497243128430304,-0.2619006144633266,584504.9213232518,0.0314003365360191,0.0256200540651988,2875309.426731774,0.9949222648747448,0.0228718795418595,2889984.0,80.88543189166445,80.88543189166445,80.88543189166445,0.012385007052711,0.012385007052711,0.012385007052711,2759.5,2320378.913835281,2320378.913835281,2320378.913835281,3.6109449633755486,1190.4296004349007,0.5735062789983422,0.0009548495770218,71238.13878657621,0.0004472558129296,0.0004472558129296,0.0004472558129296,8352007520256.0,8352007520256.0,8352007520256.0,1
0.3067017348559214,4066570,0.0347826086956521,0.6478260869565218,569181.6802079389,0.308695652173913,2.183845594773992,0.1776736488019443,0.3067017348559214,0.2565217391304348,0.1364305774886536,0.3741203486972459,0.5230072970612862,569181.6802079389,0.0459000811457172,0.0211099740990217,4050079.555360906,0.9959448762374448,0.0182637530483511,4066570.0,80.90855438366978,80.90855438366978,80.90855438366978,0.0123770663704604,0.0123770663704604,0.0123770663704604,3099.25,2861945.651500484,2861945.651500484,2861945.651500484,4.541471782740308,1132.9198935140369,0.5241214650324387,0.0007621287719134,140517.9754881033,0.0003981236588115,0.0003981236588115,0.0003981236588115,16536991564900.0,16536991564900.0,16536991564900.0,0
0.3942787382706351,3276800,0.1652173913043478,0.6434782608695652,617597.5455009448,0.2391304347826087,2.8007775468539498,0.1450263045035148,0.3942787382706351,0.3826086956521739,0.1017574056704637,0.4341380119804453,0.1616428201925764,617597.5455009448,0.0330200899940493,0.02385902626662,3261483.9437792967,0.995325910577178,0.02105287360996,3276800.0,80.89456176757812,80.89456176757812,80.89456176757812,0.0123818715413411,0.0123818715413411,0.0123818715413411,2879.5,2503229.716071893,2503229.716071893,2503229.716071893,3.89779595485384,1174.388773117999,0.5558449526225578,0.0008787536621093,90951.12345357273,0.0004285688129483,0.0004285688129483,0.0004285688129483,10737418240000.0,10737418240000.0,10737418240000.0,0
0.4298847585014461,2889984,0.1347826086956521,0.7391304347826086,669897.2163137995,0.3173913043478261,2.3277330601775423,0.1766274973160423,0.4298847585014461,0.4130434782608695,0.1290828599441712,0.481455738427739,0.1233342763155961,669897.2163137995,0.0469987224731528,0.0256200540651988,2875309.426731774,0.9949222648747448,0.0228718795418595,2889984.0,80.88543189166445,80.88543189166445,80.88543189166445,0.012385007052711,0.012385007052711,0.012385007052711,2759.5,2320378.913835281,2320378.913835281,2320378.913835281,3.6109449633755486,1190.4296004349007,0.5735062789983422,0.0009548495770218,71238.13878657621,0.0004472558129296,0.0004472558129296,0.0004472558129296,8352007520256.0,8352007520256.0,8352007520256.0,1
0.3893126548312819,3824640,0.1304347826086956,0.6869565217391305,735691.343913043,0.2521739130434782,2.686919349827476,0.1615142060089492,0.3893126548312819,0.3608695652173913,0.1124163210017352,0.4385837551923571,0.2790069698113769,735691.343913043,0.0407913671068489,0.0220825450679346,3808299.041524431,0.9957274518711384,0.0192431531671346,3824640.0,80.903640604083,80.903640604083,80.903640604083,0.0123787532137294,0.0123787532137294,0.0123787532137294,3071.5,2832918.564102564,2832918.564102564,2832918.564102564,4.1254440059988005,1205.543956043956,0.5443330783990125,0.0008030821201472,114777.09133357476,0.0004017513216926,0.0004017513216926,0.0004017513216926,14627871129600.0,14627871129600.0,14627871129600.0,0
0.2939217737241687,5983994,0.0260869565217391,0.5956521739130435,765258.9640453694,0.3,2.5737438817843907,0.170031571990753,0.2939217737241687,0.2434782608695652,0.1271931487895452,0.3576091629059015,0.562728555730782,765258.9640453694,0.0414943043250981,0.0178119030114443,5964055.315630998,0.9966679972658726,0.015004684078214,5983994.0,80.92489130169582,80.92489130169582,80.92489130169582,0.0123714550788257,0.0123714550788257,0.0123714550788257,3745.75,4175559.921405687,4175559.921405687,4175559.921405687,4.736993040259714,1351.27663195835,0.5205299623464857,0.0006259615233571,212165.09593907563,0.0003293976435671,0.0003293976435671,0.0003293976435671,35808184192036.0,35808184192036.0,35808184192036.0,1
0.2196752171338838,8445000,0.0,0.5956521739130435,828765.6726654063,0.3521739130434783,2.710760214397052,0.1830133134705624,0.2196752171338838,0.1652173913043478,0.1405529598767893,0.3132680114062794,0.8701625038004122,828765.6726654063,0.0498796459476255,0.0150756042190923,8421779.99938141,0.9972504439764842,0.0123805668623605,8445000.0,80.93804026050918,80.93804026050918,80.93804026050918,0.0123669404059674,0.0123669404059674,0.0123669404059674,4360.75,5636036.597437221,5636036.597437221,5636036.597437221,5.648058130521786,1457.6932404540764,0.5006782319322457,0.0005163706335109,350061.0004142878,0.0002829266296864,0.0002829266296864,0.0002829266296864,71318025000000.0,71318025000000.0,71318025000000.0,0
0.4544147286198977,3153576,0.1066666666666666,0.7066666666666667,821235.091693828,0.44,1.6688960481072064,0.2084128560879702,0.4544147286198977,0.5111111111111111,0.1756937757158214,0.5103076729923778,-0.3437292660434312,821235.091693828,0.0539211755282001,0.0247115752276576,3138221.543187797,0.9951310966305544,0.0219302945882172,3153576.0,80.89015644462033,80.89015644462033,80.89015644462033,0.0123833836121357,0.0123833836121357,0.0123833836121357,2887.0,2541549.4408937385,2541549.4408937385,2541549.4408937385,3.612670098720825,1250.353078721746,0.5747864584883725,0.0009154686616082,77066.9743169012,0.0004274990302178,0.0004274990302178,0.0004274990302178,9945041587776.0,9945041587776.0,9945041587776.0,1
0.2522954265762735,5677056,0.0,0.5652173913043478,676014.7589603021,0.4478260869565217,1.8412150220108163,0.2112345777291717,0.2522954265762735,0.2391304347826087,0.1864840906305708,0.3450773861404652,0.3330155940821215,676014.7589603021,0.055425420154232,0.0180107059738147,5657896.426964962,0.996625086482318,0.015198359270279,5677056.0,80.92392183554293,80.92392183554293,80.92392183554293,0.0123717885502191,0.0123717885502191,0.0123717885502191,3599.5,3843509.9245676175,3843509.9245676175,3843509.9245676175,5.122959749786097,1235.56709731194,0.5074113559724818,0.0006340434196879,222333.1120648748,0.0003427714450907,0.0003427714450907,0.0003427714450907,32228964827136.0,32228964827136.0,32228964827136.0,0
0.2315743172894871,4085760,0.0,0.4739130434782608,375752.2371077508,0.3521739130434782,2.8261196686241914,0.1631012625969342,0.2315743172894871,0.2260869565217391,0.1376258068842386,0.3032594627823707,0.5603360244786878,375752.2371077508,0.0383396373389598,0.0213525889308181,4068970.621765351,0.9958907575984276,0.018507212643773,4085760.0,80.90733180607769,80.90733180607769,80.90733180607769,0.0123774855070256,0.0123774855070256,0.0123774855070256,3155.5,2982908.31281198,2982908.31281198,2982908.31281198,4.242327245371928,1215.1372712146422,0.5387775781351657,0.0007723165335213,127375.69154016716,0.0003910458118265,0.0003910458118265,0.0003910458118265,16693434777600.0,16693434777600.0,16693434777600.0,0
0.271325241153008,4611000,0.0,0.6739130434782609,640729.5170132326,0.4521739130434782,2.3535076706120748,0.2169076653597508,0.271325241153008,0.2260869565217391,0.1760750764542254,0.3727690137161456,0.6362756207410772,640729.5170132326,0.0653393511001698,0.0205291387888076,4592895.66629191,0.9960736643443744,0.0176823544725184,4611000.0,80.91146605942312,80.91146605942312,80.91146605942312,0.0123760646173535,0.0123760646173535,0.0123760646173535,3402.25,3488386.2455908293,3488386.2455908293,3488386.2455908293,4.038000107615407,1371.181216931217,0.552233513432808,0.0007378551290392,131122.91100473102,0.0003626982191648,0.0003626982191648,0.0003626982191648,21261321000000.0,21261321000000.0,21261321000000.0,1
0.368562306473987,5763072,0.1478260869565217,0.591304347826087,948850.3177504732,0.2304347826086956,2.819259050244826,0.1367788570482386,0.368562306473987,0.3608695652173913,0.0977210755970158,0.4057624283539772,0.1165435638561889,948850.3177504732,0.0288049745102914,0.0178804734723105,5743784.370574582,0.9966532381643995,0.0150715090195565,5763072.0,80.92455759705935,80.92455759705935,80.92455759705935,0.0123715702319873,0.0123715702319873,0.0123715702319873,3623.5,3894341.474642931,3894341.474642931,3894341.474642931,5.16271781010307,1239.6287518112192,0.5065470403252369,0.0006287445306947,227273.7730261947,0.0003405002518718,0.0003405002518718,0.0003405002518718,33212998877184.0,33212998877184.0,33212998877184.0,0
0.4323559468839023,5720064,0.2521739130434782,0.6217391304347826,1201394.8878260856,0.2173913043478261,3.1057685221829137,0.1228213069328086,0.4323559468839023,0.4304347826086956,0.0882670196313181,0.4582921789568239,-0.0051016510513547,1201394.8878260856,0.0231000564871179,0.01794512153823,5700840.398199741,0.9966392680570952,0.0151344577135021,5720064.0,80.92424210638202,80.92424210638202,80.92424210638202,0.012371678570358,0.012371678570358,0.012371678570358,3611.5,3868874.6982346834,3868874.6982346834,3868874.6982346834,5.142935040856035,1237.5647975077882,0.506970882140766,0.000631374054556,224809.18742946963,0.0003416320661682,0.0003416320661682,0.0003416320661682,32719132164096.0,32719132164096.0,32719132164096.0,0
0.2519947435283557,5849088,0.0,0.591304347826087,739515.8259546319,0.4565217391304347,1.882149530425823,0.2280566705063809,0.2519947435283557,0.208695652173913,0.1980479891972149,0.3555737226385844,0.4345722788359328,739515.8259546319,0.0629313214651391,0.0177539068480973,5829672.318643864,0.9966805626182856,0.0149483862215533,5849088.0,80.92517465970764,80.92517465970764,80.92517465970764,0.01237135833488,0.01237135833488,0.01237135833488,3647.5,3945578.692987868,3945578.692987868,3945578.692987868,5.201705207499229,1243.9528069093153,0.5057480581758822,0.0006236014913778,232166.53071455847,0.0003382590160646,0.0003382590160646,0.0003382590160646,34211830431744.0,34211830431744.0,34211830431744.0,0
0.386365002032553,5488920,0.0608695652173913,0.7521739130434782,1153077.5691682422,0.3391304347826086,2.2764297105209508,0.2018455192140572,0.386365002032553,0.3739130434782609,0.1485963148467197,0.4583379430929489,0.251355326701803,1153077.5691682422,0.0607957552830603,0.0184561632443176,5469865.1758437,0.996528493008406,0.0156334147083175,5488920.0,80.92174052454763,80.92174052454763,80.92174052454763,0.0123725372721684,0.0123725372721684,0.0123725372721684,3580.0,3812020.911795517,3812020.911795517,3812020.911795517,4.763238953009246,1282.0125707102452,0.5185444313241662,0.0006522230238371,197469.1399341544,0.0003446483325773,0.0003446483325773,0.0003446483325773,30128242766400.0,30128242766400.0,30128242766400.0,0
0.3595429726344052,4521984,0.0608695652173913,0.6869565217391305,876112.539754253,0.4608695652173912,1.638140204152766,0.231624518643366,0.3595429726344052,0.3739130434782609,0.1968118277729835,0.4401649302072651,0.1300122210210428,876112.539754253,0.0644740166135821,0.0197576186704572,4505000.000134454,0.9962441265016536,0.0169155488760562,4521984.0,80.91531593212183,80.91531593212183,80.91531593212183,0.0123747448350432,0.0123747448350432,0.0123747448350432,3191.5,3019179.589189189,3019179.589189189,3019179.589189189,5.407697605186685,1068.0081081081082,0.5009419760536095,0.0007057742796082,187073.1163769177,0.0003865891116664,0.0003865891116664,0.0003865891116664,20448339296256.0,20448339296256.0,20448339296256.0,0
0.3631104013766524,5935104,0.0,0.6521739130434783,1148762.4663327022,0.3869565217391304,2.140280169368345,0.2118606478594358,0.3631104013766524,0.391304347826087,0.1893728692947228,0.439947599071664,0.0670049218049463,1148762.4663327022,0.0617047263410083,0.0176308524855855,5915560.270978908,0.99670709577775,0.014828828960377,5935104.0,80.92577383648205,80.92577383648205,80.92577383648205,0.0123711525797178,0.0123711525797178,0.0123711525797178,3671.5,3997216.970786517,3997216.970786517,3997216.970786517,5.239919547393683,1248.5341164453523,0.5050120769040557,0.0006186075256642,237007.5287360202,0.0003360471455631,0.0003360471455631,0.0003360471455631,35225459490816.0,35225459490816.0,35225459490816.0,1
0.4083627277375272,5651968,0.208695652173913,0.5956521739130435,1078951.5985255192,0.2304347826086956,2.927593152208102,0.1275718973425282,0.4083627277375272,0.417391304347826,0.0948576890081474,0.4369192044731439,0.0103689082386887,1078951.5985255192,0.0241382738322111,0.018027691191519,5632872.353989265,0.99662141646755,0.0152149242390488,5651968.0,80.92383891770088,80.92383891770088,80.92383891770088,0.0123718170728374,0.0123718170728374,0.0123718170728374,3587.5,3817199.432991846,3817199.432991846,3817199.432991846,5.166843917408573,1226.1431110181895,0.5063021348564058,0.0006347346623335,223337.4599046234,0.0003439172074658,0.0003439172074658,0.0003439172074658,31944742273024.0,31944742273024.0,31944742273024.0,1
0.3468249126671731,5849088,0.0478260869565217,0.6260869565217392,954901.183327032,0.308695652173913,2.293655673047186,0.1687816487410415,0.3468249126671731,0.3521739130434783,0.1284795193184524,0.4040500250793179,0.094872271112971,954901.183327032,0.0429689027200054,0.0177539068480973,5829672.318643864,0.9966805626182856,0.0149483862215533,5849088.0,80.92517465970764,80.92517465970764,80.92517465970764,0.01237135833488,0.01237135833488,0.01237135833488,3647.5,3945578.692987868,3945578.692987868,3945578.692987868,5.201705207499229,1243.9528069093153,0.5057480581758822,0.0006236014913778,232166.53071455847,0.0003382590160646,0.0003382590160646,0.0003382590160646,34211830431744.0,34211830431744.0,34211830431744.0,0
0.3345756619861642,4130595,0.0565217391304347,0.6217391304347826,625519.4299054816,0.2913043478260869,2.404481759420221,0.1641326874911665,0.3345756619861642,0.3043478260869565,0.1229580600773606,0.3891473655026152,0.3334334816868228,625519.4299054816,0.0394947984841462,0.0217915752077143,4113215.699046021,0.9957925429740804,0.0189490078852853,4130595.0,80.90511294377687,80.90511294377687,80.90511294377687,0.012378246137648,0.012378246137648,0.012378246137648,3266.5,3236053.419058554,3236053.419058554,3236053.419058554,3.814629409799342,1371.5562571756602,0.564880885689015,0.0007908061671502,107867.47362850158,0.000377796379627,0.000377796379627,0.000377796379627,17061815054025.0,17061815054025.0,17061815054025.0,0
0.3227440251573518,5505024,0.0,0.5869565217391305,828359.5270132329,0.3434782608695652,2.062442186242869,0.1815597641324555,0.3227440251573518,0.3608695652173913,0.1678285628399139,0.387908974512357,-0.1335590092516106,828359.5270132329,0.046309666732459,0.0182828294624786,5486120.553960891,0.9965661464801772,0.0154639403425503,5505024.0,80.92259070986793,80.92259070986793,80.92259070986793,0.0123722456540169,0.0123722456540169,0.0123722456540169,3551.5,3743082.887434002,3743082.887434002,3743082.887434002,5.0411319338066525,1228.2522703273496,0.5093457804281625,0.0006451379685174,212323.76189052503,0.0003474061542866,0.0003474061542866,0.0003474061542866,30305289240576.0,30305289240576.0,30305289240576.0,0
0.4995562025451946,6492768,0.117391304347826,0.8217391304347826,1992853.5231947089,0.3347826086956521,2.170203391976046,0.2007304757964282,0.4995562025451946,0.5217391304347826,0.1530129792724864,0.5540165607648355,-0.2188048984186334,1992853.5231947089,0.0573779501003211,0.0169965560953461,6472272.438755243,0.9968433245659236,0.0142148761242544,6492768.0,80.92885006826056,80.92885006826056,80.92885006826056,0.0123700960176379,0.0123700960176379,0.0123700960176379,3850.0,4397104.053964543,4397104.053964543,4397104.053964543,5.160127770565911,1322.1858562244302,0.5075366951537951,0.0005929674370006,254004.10370867827,0.0003204673627662,0.0003204673627662,0.0003204673627662,42156036301824.0,42156036301824.0,42156036301824.0,0
0.282278382751804,7385461,0.0,0.5521739130434783,900348.2593383739,0.3391304347826087,2.250340377935028,0.1789089300130603,0.282278382751804,0.2695652173913043,0.1569055517556021,0.3491535483994396,0.2787763255149597,900348.2593383739,0.0422271149909458,0.016039508478065,7363653.280377894,0.997047209426452,0.0132962064398596,7385461.0,80.93345303698713,80.93345303698713,80.93345303698713,0.0123685154212587,0.0123685154212587,0.0123685154212587,4096.0,4974864.548800586,4974864.548800586,4974864.548800586,5.307273176326242,1393.1983153268632,0.5050720225832015,0.0005546031588278,294740.029624256,0.0003012176010902,0.0003012176010902,0.0003012176010902,54545034182521.0,54545034182521.0,54545034182521.0,0
0.3554004416142097,3991680,0.0652173913043478,0.6478260869565218,673027.4868052935,0.308695652173913,2.211875762829317,0.1712129335810437,0.3554004416142097,0.3347826086956522,0.129347016091947,0.4106185279042783,0.2278265661882723,673027.4868052935,0.0422981015587011,0.0216289793909444,3975030.850294613,0.995829036970552,0.0187853230086444,3991680.0,80.90593684864518,80.90593684864518,80.90593684864518,0.0123779645304208,0.0123779645304208,0.0123779645304208,3129.25,2937227.451342282,2937227.451342282,2937227.451342282,4.180893781324669,1217.6929530201342,0.5418127883557369,0.0007839431016514,121872.62983649386,0.0003943314352843,0.0003943314352843,0.0003943314352843,15933509222400.0,15933509222400.0,15933509222400.0,1
0.2178458155315408,7266000,0.0,0.5956521739130435,757381.2468052934,0.3608695652173913,2.8637593813017364,0.1982790078971579,0.2178458155315408,0.1782608695652174,0.1561676178126309,0.3228565316828425,0.8932280318285384,757381.2468052934,0.0567795407056723,0.0161645369094271,7244352.332027526,0.9970206897918422,0.0134156868385943,7266000.0,80.93285439031104,80.93285439031104,80.93285439031104,0.0123687209665854,0.0123687209665854,0.0123687209665854,4066.0,4902867.399003874,4902867.399003874,4902867.399003874,5.265469384909064,1387.3137797454344,0.5058686182891412,0.0005595926231764,288086.5725710348,0.0003034407057699,0.0003034407057699,0.0003034407057699,52794756000000.0,52794756000000.0,52794756000000.0,0
0.3303347526436175,4465488,0.0869565217391304,0.5565217391304348,632197.7682230622,0.2391304347826087,3.13114638776514,0.1454302500838967,0.3303347526436175,0.3304347826086956,0.1018323510996055,0.3762634349208448,0.1852021340320049,632197.7682230622,0.0324531236543126,0.0209116565724118,4447576.052855141,0.9959888041027412,0.018064675878752,4465488.0,80.90954851966907,80.90954851966907,80.90954851966907,0.0123767229975069,0.0123767229975069,0.0123767229975069,3366.25,3422954.166221034,3422954.166221034,3422954.166221034,3.9527241211421376,1378.2820855614973,0.5570481474067508,0.0007538369826545,122921.37865919336,0.000366585342362,0.000366585342362,0.000366585342362,19940583078144.0,19940583078144.0,19940583078144.0,0
0.3874191553136017,4773888,0.0695652173913043,0.6826086956521739,970579.356011342,0.4217391304347826,1.943501924067968,0.1963360517204743,0.3874191553136017,0.4217391304347826,0.1590571725856316,0.4508991451701248,-0.0314803926519951,970579.356011342,0.0532164372112447,0.0196471621689947,4756073.348958333,0.9962683139944492,0.0168059603995833,4773888.0,80.91586312875376,80.91586312875376,80.91586312875376,0.0123745558813194,0.0123745558813194,0.0123745558813194,3347.5,3335542.501456419,3335542.501456419,3335542.501456419,4.658261126217801,1210.1820524311,0.5211028573674883,0.0007012104180072,168577.34135761808,0.0003685914705599,0.0003685914705599,0.0003685914705599,22790006636544.0,22790006636544.0,22790006636544.0,0
0.2895639791070557,5703544,0.0,0.5652173913043478,707002.2003402647,0.2652173913043478,2.516599828988282,0.1601320608575687,0.2895639791070557,0.2956521739130435,0.1385559753766997,0.3520772671783081,0.2427285496608609,707002.2003402647,0.0401111040674342,0.0180223343441726,5684280.627197405,0.9966225608494308,0.0152096723603771,5703544.0,80.92386488120368,80.92386488120368,80.92386488120368,0.0123718079907103,0.0123718079907103,0.0123718079907103,3619.0,3887575.2594818654,3887575.2594818654,3887575.2594818654,5.014334183140847,1256.836683937824,0.5104324733549894,0.0006345177664974,218119.73635510213,0.0003409268011772,0.0003409268011772,0.0003409268011772,32530414159936.0,32530414159936.0,32530414159936.0,0
0.3659772278785529,3784704,0.1304347826086956,0.6043478260869565,630616.5821550107,0.2695652173913043,2.497625423512205,0.1481405125743663,0.3659772278785529,0.3608695652173913,0.1090392659227609,0.4081941098055746,0.1034084740700381,630616.5821550107,0.0326830999542951,0.0222827615276697,3768363.411280776,0.9956824658627932,0.0194457657793687,3784704.0,80.90262382474296,80.90262382474296,80.90262382474296,0.0123791022109842,0.0123791022109842,0.0123791022109842,3071.5,2839000.505982906,2839000.505982906,2839000.505982906,4.041602482672176,1225.048717948718,0.549096146019223,0.0008115562009604,109951.98821827752,0.0004017594045591,0.0004017594045591,0.0004017594045591,14323984367616.0,14323984367616.0,14323984367616.0,0
0.3979029286020761,5583872,0.1913043478260869,0.5739130434782609,1016527.9629300572,0.208695652173913,3.3689353704051395,0.1221482641999193,0.3979029286020761,0.4130434782608695,0.0857207446873057,0.4266698328972669,-0.2788734664904546,1016527.9629300572,0.0237204057144729,0.0181122036673965,5564904.31163465,0.9966031298057424,0.0152973518638703,5583872.0,80.92342589514946,80.92342589514946,80.92342589514946,0.012371958953426,0.012371958953426,0.012371958953426,3563.5,3765915.963797095,3765915.963797095,3765915.963797095,5.190813290363322,1214.8908650810356,0.5056600431658673,0.0006381772361544,221805.5506515351,0.0003462331511294,0.0003462331511294,0.0003462331511294,31179626512384.0,31179626512384.0,31179626512384.0,0
0.3228722163447552,4540513,0.0,0.7391304347826086,781464.8737240068,0.3956521739130435,2.2936759365850143,0.2142175169142544,0.3228722163447552,0.2869565217391304,0.1756542288176937,0.4148606744556485,0.5154793171422111,781464.8737240068,0.0678629111224212,0.0207125299943001,4522500.853435945,0.9960330150879304,0.0178654906639088,4540513.0,80.9105475526664,80.9105475526664,80.9105475526664,0.0123763799811895,0.0123763799811895,0.0123763799811895,3385.0,3456995.739641037,3456995.739641037,3456995.739641037,3.996120923867486,1374.807223576335,0.554577270901027,0.0007455104742569,127088.26845458956,0.0003645504717609,0.0003645504717609,0.0003645504717609,20616258303169.0,20616258303169.0,20616258303169.0,0
0.2568584874551086,8861953,0.0,0.7086956521739131,1158800.688090736,0.3130434782608695,2.9463646621601485,0.2005588601609066,0.2568584874551086,0.217391304347826,0.1519536869443909,0.3616093497258742,0.9718797637903018,1158800.688090736,0.0647850392314435,0.0147573337823752,8838176.969841411,0.997317066547454,0.0120804096893717,8861953.0,80.93954380033385,80.93954380033385,80.93954380033385,0.0123664241677975,0.0123664241677975,0.0123664241677975,4465.0,5908602.374097094,5908602.374097094,5908602.374097094,5.750708418981068,1489.6934318830845,0.5002004757068846,0.0005038392778657,369005.57402807823,0.0002763201911814,0.0002763201911814,0.0002763201911814,78534210974209.0,78534210974209.0,78534210974209.0,0
0.2881189950504656,4945920,0.0,0.5826086956521739,679765.1984310019,0.4478260869565217,1.8207072791490444,0.2074151006108004,0.2881189950504656,0.3043478260869565,0.1848091850361283,0.3707284535223755,0.2152974757619562,679765.1984310019,0.0544270309422018,0.0192915816737581,4927849.1192223085,0.9963463054845828,0.0164545341977576,4945920.0,80.9176250323499,80.9176250323499,80.9176250323499,0.0123739508499236,0.0123739508499236,0.0123739508499236,3395.5,3428524.8314557103,3428524.8314557103,3428524.8314557103,4.753587068511119,1212.4237905897944,0.5177653612966191,0.0006865254593685,178969.07633940136,0.0003633767935568,0.0003633767935568,0.0003633767935568,24462124646400.0,24462124646400.0,24462124646400.0,0
0.3511621350581947,3978240,0.0956521739130434,0.5652173913043478,605985.6993194713,0.2260869565217391,2.6611140378163407,0.1359588165598174,0.3511621350581947,0.3652173913043478,0.0954763209811593,0.390288448750702,-0.220040329064702,605985.6993194713,0.0290102281295993,0.0211314707678762,3962088.903048584,0.9959401401244228,0.0182854140122248,3978240.0,80.9084469514157,80.9084469514157,80.9084469514157,0.0123771038213312,0.0123771038213312,0.0123771038213312,3035.5,2737910.628119595,2737910.628119595,2737910.628119595,4.773856229424719,1071.4807264640474,0.5146974861537058,0.0007630258606821,147300.65513024037,0.0004064738356217,0.0004064738356217,0.0004064738356217,15826393497600.0,15826393497600.0,15826393497600.0,1
0.3589474112839338,5508492,0.0347826086956521,0.7043478260869566,1015594.7858790166,0.3391304347826087,2.3116586410182984,0.1911784186553393,0.3589474112839338,0.3565217391304348,0.145697122575883,0.4293820347916834,0.2670345882278939,1015594.7858790166,0.0555256877344088,0.0184594099081712,5489365.307880269,0.9965277807211608,0.0156365786618448,5508492.0,80.92172449374529,80.92172449374529,80.92172449374529,0.0123725426975542,0.0123725426975542,0.0123725426975542,3593.5,3842968.213107911,3842968.213107911,3842968.213107911,4.715290818056708,1295.9834063869755,0.5204515563320758,0.0006523563980849,195426.1425702049,0.0003433551928309,0.0003433551928309,0.0003433551928309,30343484114064.0,30343484114064.0,30343484114064.0,1
